-- MySQL dump 10.13  Distrib 5.7.17, for Win64 (x86_64)
--
-- Host: 192.168.10.10    Database: php-grid-site
-- ------------------------------------------------------
-- Server version	5.7.12

/*!40101 SET @OLD_CHARACTER_SET_CLIENT=@@CHARACTER_SET_CLIENT */;
/*!40101 SET @OLD_CHARACTER_SET_RESULTS=@@CHARACTER_SET_RESULTS */;
/*!40101 SET @OLD_COLLATION_CONNECTION=@@COLLATION_CONNECTION */;
/*!40101 SET NAMES utf8 */;
/*!40103 SET @OLD_TIME_ZONE=@@TIME_ZONE */;
/*!40103 SET TIME_ZONE='+00:00' */;
/*!40014 SET @OLD_UNIQUE_CHECKS=@@UNIQUE_CHECKS, UNIQUE_CHECKS=0 */;
/*!40014 SET @OLD_FOREIGN_KEY_CHECKS=@@FOREIGN_KEY_CHECKS, FOREIGN_KEY_CHECKS=0 */;
/*!40101 SET @OLD_SQL_MODE=@@SQL_MODE, SQL_MODE='NO_AUTO_VALUE_ON_ZERO' */;
/*!40111 SET @OLD_SQL_NOTES=@@SQL_NOTES, SQL_NOTES=0 */;

--
-- Table structure for table `events_junction`
--

DROP TABLE IF EXISTS `events_junction`;
/*!40101 SET @saved_cs_client     = @@character_set_client */;
/*!40101 SET character_set_client = utf8 */;
CREATE TABLE `events_junction` (
  `junction_id` int(11) NOT NULL AUTO_INCREMENT,
  `event_id` int(10) unsigned DEFAULT NULL,
  `sponsor_id` int(10) unsigned DEFAULT NULL,
  `community_id` int(10) unsigned DEFAULT NULL,
  `participant_id` int(10) unsigned DEFAULT NULL,
  `status_id` int(10) unsigned DEFAULT NULL,
  `topic_id` int(10) unsigned DEFAULT NULL,
  `range_id` int(10) unsigned DEFAULT NULL,
  `application_id` int(11) unsigned DEFAULT NULL,
  PRIMARY KEY (`junction_id`)
) ENGINE=InnoDB AUTO_INCREMENT=220 DEFAULT CHARSET=utf8 COLLATE=utf8_unicode_ci;
/*!40101 SET character_set_client = @saved_cs_client */;

--
-- Dumping data for table `events_junction`
--

LOCK TABLES `events_junction` WRITE;
/*!40000 ALTER TABLE `events_junction` DISABLE KEYS */;
INSERT INTO `events_junction` VALUES (1,1,1,1,1,2,1,1,1),(2,1,1,1,2,2,1,1,1),(3,1,1,1,3,2,1,1,1),(4,2,2,1,4,2,2,1,2),(5,2,2,1,4,2,3,1,2),(6,2,2,1,4,2,4,1,2),(7,2,2,1,4,2,5,1,2),(8,2,2,1,4,2,6,1,2),(9,3,3,1,3,2,2,1,3),(10,3,3,1,3,2,3,1,3),(11,3,3,1,3,2,7,1,3),(12,3,3,1,3,2,8,1,3),(13,3,3,1,3,2,4,1,3),(14,3,3,1,5,2,2,1,3),(15,3,3,1,5,2,3,1,3),(16,3,3,1,5,2,7,1,3),(17,3,3,1,5,2,8,1,3),(18,3,3,1,5,2,4,1,3),(19,4,4,1,2,2,9,1,1),(20,4,4,2,2,2,10,1,1),(21,4,4,2,2,2,11,1,1),(22,4,4,2,3,2,9,1,1),(23,4,4,2,3,2,10,1,1),(24,4,4,2,3,2,11,1,1),(25,5,5,1,6,2,12,1,2),(26,6,6,1,6,1,13,1,2),(27,7,7,1,7,2,14,1,2),(28,8,8,3,8,1,15,1,2),(29,2,9,1,8,2,15,1,2),(30,10,10,1,3,2,2,1,1),(31,10,10,1,3,2,3,1,1),(32,10,10,1,3,2,8,1,1),(33,11,11,1,8,2,16,1,1),(34,12,12,1,3,2,4,1,1),(35,13,13,1,8,2,4,1,1),(36,14,14,1,1,1,4,1,1),(37,14,14,1,5,1,4,1,1),(38,14,14,1,2,1,4,1,1),(39,15,15,4,8,2,4,2,1),(40,16,16,1,1,2,4,1,1),(41,16,16,1,5,2,4,1,1),(42,16,16,1,2,2,4,1,1),(43,17,17,5,9,2,17,1,1),(44,18,18,6,9,2,18,2,1),(45,19,19,7,9,2,19,1,1),(46,20,20,8,9,2,13,1,1),(47,21,21,1,10,1,20,1,1),(48,22,22,1,11,1,21,1,1),(49,23,23,9,12,2,14,2,1),(50,24,24,1,1,2,14,1,1),(51,24,24,1,5,2,14,1,1),(52,25,25,1,13,2,14,1,1),(53,26,26,1,4,2,14,1,1),(54,27,27,1,1,1,22,1,1),(55,27,27,1,1,1,23,1,1),(56,27,27,1,1,1,24,1,1),(57,27,27,1,1,1,25,1,1),(58,27,27,1,1,1,26,1,1),(59,27,27,1,1,1,27,1,1),(60,27,27,1,1,1,28,1,1),(61,27,27,1,1,1,29,1,1),(62,27,27,1,1,1,30,1,1),(63,28,28,1,14,2,31,1,2),(64,28,28,1,15,2,31,1,2),(65,28,28,3,16,2,31,1,2),(66,29,29,1,17,2,31,1,1),(67,29,29,1,18,2,31,1,1),(68,29,29,1,15,2,31,1,1),(69,29,29,1,19,2,31,1,1),(70,29,29,1,19,2,31,1,1),(71,30,30,1,20,1,31,1,1),(72,31,31,1,20,1,31,1,1),(73,32,32,1,21,2,25,1,1),(74,32,32,1,8,2,25,1,1),(75,33,33,8,22,2,25,1,1),(76,34,34,1,23,2,25,1,1),(77,35,35,10,1,1,25,1,1),(78,36,36,1,24,2,6,1,1),(79,37,37,9,13,2,31,2,1),(80,37,38,9,13,2,6,2,1),(81,38,39,1,21,2,6,1,1),(82,38,39,1,1,2,6,1,1),(83,38,39,1,5,2,6,1,1),(84,39,40,1,25,2,6,1,1),(85,40,41,1,1,2,6,1,1),(86,40,41,1,5,2,6,1,1),(87,40,41,1,26,2,6,1,1),(88,40,41,1,27,2,6,1,1),(89,41,42,1,4,2,26,1,1),(90,42,43,1,4,1,26,1,1),(91,43,44,1,28,1,26,1,1),(92,44,45,9,29,2,26,2,1),(93,45,46,1,30,2,26,1,1),(94,45,47,1,9,2,26,1,1),(95,46,48,1,31,2,32,1,1),(96,46,48,1,32,2,32,1,1),(97,47,49,1,33,2,32,1,1),(98,47,49,1,1,2,32,1,1),(99,47,49,1,5,2,32,1,1),(100,48,50,1,33,2,32,1,1),(101,49,51,8,8,2,33,1,1),(102,50,52,1,2,2,29,1,1),(103,50,52,1,2,2,29,1,1),(104,51,53,8,22,2,29,1,1),(105,52,54,1,2,2,29,1,1),(106,53,55,9,34,2,29,2,1),(107,53,55,9,17,2,29,2,1),(108,54,56,1,2,2,29,1,1),(109,55,57,8,5,2,29,1,1),(110,55,57,8,22,2,29,1,1),(111,55,57,11,34,2,29,1,1),(112,56,58,1,34,2,29,1,1),(113,57,59,1,34,2,29,1,2),(114,58,60,1,34,2,29,1,1),(115,59,61,1,4,2,29,1,1),(116,60,62,1,4,2,34,1,1),(117,61,63,1,24,2,34,1,1),(118,62,64,12,4,2,13,3,2),(119,63,65,13,10,2,20,3,1),(120,64,66,14,35,2,13,3,2),(121,65,67,15,1,2,35,3,1),(122,66,68,16,30,2,31,3,1),(123,67,69,16,21,2,8,3,2),(124,68,70,17,36,2,20,3,1),(125,68,70,15,36,2,20,3,1),(126,69,71,17,2,2,13,3,2),(127,70,72,18,10,2,20,3,1),(128,71,73,18,11,2,21,3,1),(129,72,74,18,4,2,13,3,2),(130,73,75,19,9,2,14,1,1),(131,73,75,19,1,2,14,1,1),(132,73,75,19,5,2,14,1,1),(133,73,75,19,26,2,14,1,1),(134,74,76,20,37,2,21,3,1),(135,75,77,20,2,2,13,3,2),(136,75,77,20,38,2,13,3,2),(137,76,78,20,1,2,13,3,1),(138,76,78,20,5,2,13,3,1),(139,77,79,21,9,2,36,1,1),(140,77,79,21,1,2,36,1,1),(141,77,79,21,5,2,36,1,1),(142,78,80,22,1,2,6,3,1),(143,78,80,22,5,2,6,3,1),(144,78,80,22,2,2,6,3,1),(145,78,80,22,14,2,6,3,1),(146,79,81,23,11,2,21,3,1),(147,80,82,23,2,2,13,3,1),(148,81,83,24,10,2,20,3,1),(149,81,83,25,10,2,20,3,1),(150,82,84,25,13,2,14,3,1),(151,83,85,25,4,2,13,3,2),(152,84,86,26,10,1,20,3,1),(153,85,87,26,4,1,13,3,3),(154,86,88,27,2,2,13,3,2),(155,86,88,27,22,2,13,3,2),(156,86,88,27,33,2,13,3,2),(157,87,89,28,8,2,13,1,1),(158,88,90,29,1,2,13,3,1),(159,88,90,29,39,2,13,3,1),(160,89,91,29,10,2,20,3,1),(161,90,92,29,2,2,13,3,2),(162,91,93,30,10,2,20,3,1),(163,92,94,30,4,2,13,3,1),(164,93,95,31,40,2,13,3,1),(165,94,96,31,7,2,13,3,2),(166,95,97,32,10,2,20,3,1),(167,96,98,32,2,2,13,3,2),(168,96,98,32,2,2,13,3,2),(169,96,98,32,4,2,13,3,2),(170,97,99,33,10,2,20,3,1),(171,98,100,33,7,2,13,3,1),(172,99,101,34,4,1,13,3,1),(173,100,102,35,30,2,37,3,1),(174,100,102,35,9,2,37,3,1),(175,100,102,35,1,2,37,3,1),(176,101,103,6,3,1,8,2,3),(177,102,104,6,2,1,13,2,3),(178,103,105,6,8,2,38,2,2),(179,104,106,6,40,2,6,2,1),(180,105,107,6,41,2,37,2,1),(181,106,108,6,42,2,21,2,1),(182,107,109,6,43,2,6,2,3),(183,108,110,6,44,2,39,2,2),(184,108,110,6,44,2,40,2,2),(185,109,111,6,45,2,20,2,1),(186,110,112,6,4,2,38,2,2),(187,111,113,6,33,2,32,2,2),(188,112,114,9,46,2,41,2,1),(189,113,115,6,2,2,29,2,1),(190,114,116,32,11,2,21,3,1),(191,115,117,29,11,2,21,3,1),(192,116,118,36,4,2,29,3,1),(193,117,119,37,3,2,2,1,1),(194,117,119,37,3,2,3,1,1),(195,117,119,37,3,2,4,1,1),(196,117,119,37,3,2,8,1,1),(197,118,120,1,4,1,4,1,1),(198,119,121,1,1,2,42,1,1),(199,119,121,1,5,2,42,1,1),(200,120,122,17,30,2,21,3,1),(201,120,122,17,9,2,21,3,1),(202,120,122,17,1,2,21,3,1),(203,121,123,38,11,2,21,3,1),(204,122,124,39,9,2,18,3,1),(205,123,125,40,47,1,15,3,2),(206,124,126,22,10,2,20,3,1),(207,125,127,41,10,1,20,3,1),(208,126,128,16,10,2,20,3,1),(209,127,129,38,10,1,20,3,1),(210,128,130,31,10,1,20,3,1),(211,129,131,42,10,2,20,3,1),(212,130,132,34,10,1,20,3,1),(213,131,133,43,10,2,20,3,1),(214,132,134,23,9,1,20,3,1),(215,132,134,23,1,1,20,3,1),(216,133,135,44,10,2,20,3,1);
/*!40000 ALTER TABLE `events_junction` ENABLE KEYS */;
UNLOCK TABLES;

--
-- Table structure for table `grid_application`
--

DROP TABLE IF EXISTS `grid_application`;
/*!40101 SET @saved_cs_client     = @@character_set_client */;
/*!40101 SET character_set_client = utf8 */;
CREATE TABLE `grid_application` (
  `application_id` int(10) unsigned NOT NULL AUTO_INCREMENT,
  `name` varchar(45) COLLATE utf8_unicode_ci DEFAULT NULL,
  PRIMARY KEY (`application_id`)
) ENGINE=InnoDB AUTO_INCREMENT=4 DEFAULT CHARSET=utf8 COLLATE=utf8_unicode_ci;
/*!40101 SET character_set_client = @saved_cs_client */;

--
-- Dumping data for table `grid_application`
--

LOCK TABLES `grid_application` WRITE;
/*!40000 ALTER TABLE `grid_application` DISABLE KEYS */;
INSERT INTO `grid_application` VALUES (1,'Directa'),(2,'Indirecta'),(3,'Directa o Indirecta');
/*!40000 ALTER TABLE `grid_application` ENABLE KEYS */;
UNLOCK TABLES;

--
-- Table structure for table `grid_community`
--

DROP TABLE IF EXISTS `grid_community`;
/*!40101 SET @saved_cs_client     = @@character_set_client */;
/*!40101 SET character_set_client = utf8 */;
CREATE TABLE `grid_community` (
  `community_id` int(11) NOT NULL AUTO_INCREMENT,
  `name` varchar(255) COLLATE utf8_unicode_ci DEFAULT NULL,
  PRIMARY KEY (`community_id`)
) ENGINE=InnoDB AUTO_INCREMENT=45 DEFAULT CHARSET=utf8 COLLATE=utf8_unicode_ci;
/*!40101 SET character_set_client = @saved_cs_client */;

--
-- Dumping data for table `grid_community`
--

LOCK TABLES `grid_community` WRITE;
/*!40000 ALTER TABLE `grid_community` DISABLE KEYS */;
INSERT INTO `grid_community` VALUES (1,'Todo el país'),(2,'Institucional Comunidad IPN'),(3,'Institucional Comunidad ITESM'),(4,'Iberoamérica'),(5,'Institucional Comunidad CECyTE'),(6,'Internacional'),(7,'Institucional Comunidad DGETI'),(8,'Institucional Comunidad UNAM'),(9,'Latinoamérica'),(10,'Institucional Comunidad TecNM'),(11,'Institucional Comunidad IMSS'),(12,'Baja California'),(13,'Baja California Sur'),(14,'Chiapas'),(15,'Chihuahua'),(16,'Ciudad de México'),(17,'Coahuila'),(18,'Durango'),(19,'Institucional Comunidad UAEM'),(20,'Estado de México'),(21,'Institucional Comunidad UGTO'),(22,'Guanajuato'),(23,'Hidalgo'),(24,'Colima'),(25,'Jalisco'),(26,'Michoacán'),(27,'Morelos'),(28,'Institucional Comunidad UANL'),(29,'Puebla'),(30,'Quintana Roo'),(31,'San Luis Potosí'),(32,'Sinaloa'),(33,'Tabasco'),(34,'Tamaulipas'),(35,'Yucatán'),(36,'Oaxaca'),(37,'Institucional Comunidad CINVESTAV'),(38,'Veracruz'),(39,'Zacatecas'),(40,'Querétaro'),(41,'Nuevo León'),(42,'Tlaxcala'),(43,'Nayarit'),(44,'Sonora');
/*!40000 ALTER TABLE `grid_community` ENABLE KEYS */;
UNLOCK TABLES;

--
-- Table structure for table `grid_events`
--

DROP TABLE IF EXISTS `grid_events`;
/*!40101 SET @saved_cs_client     = @@character_set_client */;
/*!40101 SET character_set_client = utf8 */;
CREATE TABLE `grid_events` (
  `number` int(10) unsigned NOT NULL AUTO_INCREMENT,
  `name` varchar(255) COLLATE utf8_unicode_ci DEFAULT NULL,
  `price` mediumtext COLLATE utf8_unicode_ci,
  `web_page` varchar(255) COLLATE utf8_unicode_ci DEFAULT NULL,
  `end_date` varchar(400) COLLATE utf8_unicode_ci DEFAULT NULL,
  PRIMARY KEY (`number`),
  KEY `event_name` (`name`)
) ENGINE=InnoDB AUTO_INCREMENT=140 DEFAULT CHARSET=utf8 COLLATE=utf8_unicode_ci;
/*!40101 SET character_set_client = @saved_cs_client */;

--
-- Dumping data for table `grid_events`
--

LOCK TABLES `grid_events` WRITE;
/*!40000 ALTER TABLE `grid_events` DISABLE KEYS */;
INSERT INTO `grid_events` VALUES (1,'Premio Nacional en Ciencia y Tecnología de Alimentos 2017','• Categoría estudiantil: $100,000.00 M.N. y reconocimiento. \n• Categoría Profesional:  $250,000.00 M.N. y reconocimiento. \n• Cátedra Coca-Cola para Jóvenes Investigadores en Ciencia y Tecnología de los Alimentos: $280,000.00 M.N. y reconocimiento. ','secure.pncta.com.mx/ssldocs/site/convocatoria.jsp','14 de julio de 2017'),(2,'Premio Heberto Castillo','Diploma, medalla de oro y cheque por $500,000.00 M.N.','www.seciti.cdmx.gob.mx/comunicacion/nota/boletin-016-emiten-convocatoria-del-premio-heberto-castillo-de-la-cdmx-2016-por-una-ciudad-conciencia','9 de septiembre de 2016'),(3,'Premio de Investigación 2017 para científicos jóvenes','$150,000.00 M.N. y un diploma. ','amc.edu.mx/amc/index.php?option=com_content&view=article&id=493&catid=39&Itemid=80','26 de mayo de 2017'),(4,'Premio a la Investigación en el IPN','Estímulo económico y diploma.','http://148.204.122.250/boletin/?p=5230','10 de noviembre de 2016'),(5,'Premio Luis Elizondo en la Categoría Científico Tecnológica al Sentido Humano','Científico y Tecnológico al Sentido Humano: Presea institucional, diploma y $200,000.00  M.N.','www.premiole.com/','30 de abril de 2017'),(6,'Premio Nacional de Ciencias 2017','Medalla de oro ley 0.900, una entrega en numerario por $100,000.00 M.N., y un diploma firmado por el Presidente de la República. Adicionalmente, cada galardonado recibirá una cantidad que sumada a la que corresponde al numerario establecido por la Ley de Premios, Estímulos y Recompensas Civiles, ascenderá a un total de $792,409.97 (setecientos noventa y dos mil cuatrocientos nueve pesos 97/100 M.N.).','www.gob.mx/sep/articulos/premio-nacional-de-ciencias-2017','7 de agosto de 2017'),(7,'Premio Nacional de la Juventud 2017','Medalla de oro, $ 150,000.00 pesos M.N. y diploma firmado por el Presidente de la República.','www.premiojuventud.gob.mx/','5 de mayo de 2017'),(8,'Premios Rómulo Garza: INSIGNIA','$ 400,000.00 M.N. y la escultura Rómulo Garza. ','http://sitios.itesm.mx/premioromulogarza/insignia.html','3 de octubre de 2017'),(9,'Premio Universidad Nacional','Diploma y $260,000 M.N.','http://www.gaceta.unam.mx/20160502/wp-content/uploads/2016/05/PUNyRDUNJA.pdf',' 17 de junio de 2016'),(10,'Premios Weizmann 2016','$ 25,000.00 M.N. y un diploma.','amc.edu.mx/amc/index.php?option=com_content&view=article&id=133&Itemid=80','30 de septiembre de 2016'),(11,'Premio a la Innovación en Bionano: Ciencia y Tecnología Cinvestav Neolpharma 2016','Diploma al (los) autor(es), un estímulo económico único de MXN $225,000.00 (MXN $150,000.00 consignados al Investigador y MXN $75,000.00 destinados al proyecto de investigación).','premiobionano.cinvestav.mx/',' 14 de noviembre de 2016'),(12,'Premios de la academia a las mejores tesis de doctorado en ciencias sociales y humanidades','No disponible','www.amc.edu.mx/amc/index.php?option=com_content&view=article&id=130&Itemid=80','26 de septiembre de 2016'),(13,'Premio en Economía Víctor L. Urquidi ','1er. Lugar: $ 150,000 pesos M.N. / 2o. Lugar: $ 50,000 pesos M.N. / 3o. Lugar: Mención Honorifica.','cee.colmex.mx/premios-y-convocatorias/premio-victor-l-urquidi','14 de octubre de 2016'),(14,'Premio Genaro Estrada','$100,000 M.N. y diploma para la mejor tesis doctoral o investigación académica. $ 50,000 M.N. y diploma para la mejor tesis de maestría. $ 25,000 M.N. y diploma para la mejor tesis o tesina de licenciatura.','https://embamex.sre.gob.mx/polonia/index.php/avisos-importantes/97-convocatoria-premio-genaro-estrada','31 de agosto de 2017'),(15,'Premio Iberoamericano en Ciencias Sociales','Premio único de $ 120,000.00 M.N. y la publicación del artículo en la Revista Mexicana de Sociología.','www.iis.unam.mx/pdfs/convoc_premio_iis.pdf','16 de junio de 2017'),(16,'Premios INAH 2017','Premio a la mejor investigación. $ 140,000.00 M.N. y diploma honorario.\nPremio a la mejor tesis de doctorado. $ 120,000.00 M.N. y diploma honorario.\nPremio a la mejor tesis de maestría. $ 100,000.00 M.N. y diploma honorario.\nPremio a la mejor tesis de licenciatura. $ 80,000.00 M.N. y diploma honorario.','www.premios.inah.gob.mx/index.php','28 de abril de 2017'),(17,'XVI Concurso de Creatividad e Innovación Tecnológica para alumnos y docentes 2017','No disponible','http://cecytemichoacan.edu.mx/wp-content/uploads/2017/04/Creatividad-2017-alumnos.pdf','Fase Local 11 al 21 de abril de 2017. \nFase Estatal 02 al 04 de mayo de 2017. \nFase Nacional 16 al 20 de mayo de 2017.'),(18,'Concurso Internacional de Ciencias','1er. Lugar: Notebook HP ENVY Sleekbook.\n2do. Lugar: iPad Mini de 16 GB con pantalla Retina.\n3er. Lugar: Calculadora HP Prime.\n4to. Lugar: Parrot Mini Done Rolling Spider.\n5to. Lugar: iPod Nano.','concursociencias.mty.itesm.mx/convocatoria.php','10 de febrero de 2017'),(19,'XVIII Concurso Nacional de Prototipos 2017','Incentivo monetario de acuerdo con la categoría para el 1er., 2do., y 3er. Lugar.','www.dgeti.sep.gob.mx/images/multimediaDgeti/accionesProgramas/prototipos/2017/Convocatoria.pdf','5 a 15 de diciembre de 2016, etapa local\n6 a 15 de febrero de 2017, Registro de Prototipos en la Oficina Auxiliar Académica de la DGTI'),(20,'Concurso Universitario Feria de las Ciencias, la Tecnología y la Innovación','Reconocimiento de 1er., 2do. Y 3er. Lugar y menciones honoríficas. ','www.feriadelasciencias.unam.mx/','6 de marzo de 2017'),(21,'ExpoCiencias Nacional 2017','Acreditación a una serie de eventos internacionales. El ganador absoluto de ExpoCiencias Nacional obtiene el privilegio de ser parte de los veinte jóvenes representantes de todo el mundo que asisten a la ceremonia de los Premios Nobel en Estocolmo, Suecia.','http://www.expociencias.net/','ExpoCiencias Nacional 2017 en La Paz BC. Participan sólo los ganadores de las ExpoCiencias Regionales y Eventos Afiliados. '),(22,'Feria Nacional de Ciencias e Ingenierías 2017','Reconocimiento (constancia) al 1ro. 2do y 3er. lugar por cada una de las categorías. Premios especiales otorgados por empresas e instituciones. Acreditación a la Intel-ISEF. ','www.fenaci.org.mx/general.html#edicion','De acuerdo con las fechas de las Ferias Estatales.'),(23,'Certamen Joven Emprendedor Forestal Latinoamérica 2017 ','Reconocimiento para cada categoría por obtener el primer lugar en el Certamen. Capacitación, asesoría y seguimiento por un año para el desarrollo e implementación de su proyecto con un valor aproximado de $100,000 M.N. ','www.emprendedorforestal.org/convocatoria','Etapa 1: 30 de noviembre de 2016. Etapa 2: 15 de marzo de 2017.'),(24,'Ingenio Emprendedor: de la idea a la práctica 2015-2016','Los 3 equipos finalistas recibirán cada uno $20,000 M.N. Además, existe una bolsa de $100,000 M.N. que será repartida entre los 3 ganadores. ','www.ingenioemprendedor.mx/index.html','No disponible'),(25,'Los Emprendedores del año','Los casos de los 20 emprendedores finalistas serán publicados en la revista y el sitio web. Los elegidos en cada categoría tienen acceso a dos mentorías con expertos sobre temas que les ayudarán a fortalecer sus habilidades como emprendedor. Las historias de los ganadores serán la portada del número especial impreso Los Emprendedores del Año de Expansión.','http://www.ey.com/mx/es/about-us/entrepreneurship/entrepreneur-of-the-year','abril de 2017'),(26,'Premio Nacional del Emprendedor','No disponible','premionacionaldelemprendedor.gob.mx/','17 de noviembre de 2016'),(27,'Concurso Vive ConCiencia 2017','El equipo que obtenga el primer lugar en cada uno de los diez retos, recibirá un premio de $50,000.00 pesos M.N., y un diploma en la ceremonia de premiación nacional.','www.viveconciencia.com','8 de septiembre de 2017'),(28,'Premio Eugenio de la Garza Sada 2017','Categoría de Personas: Escultura “Luz Interior” de Yvonne Domenge y un reconocimiento escrito y un cheque por $100 mil pesos.\nCategoría de Emprendimiento Social: Escultura “Luz Interior” de Yvonne Domenge, reconocimiento escrito y $250 mil pesos. \nCategoría Estudiantil: Escultura “Luz Interior” de Yvonne Domenge, reconocimiento escrito y $100 mil pesos. \nAdemás, los nombres de los ganadores quedarán grabados en el Mural de Reconocimientos del Premio Eugenio Garza Sada, ubicado en el Tecnológico de Monterrey, Campus Monterrey.','https://www.premioegs.com/','28 de febrero de 2017'),(29,'Premio Nacional Innovación Tecnológica para la Inclusión Social (INNOVATIS)','Las experiencias ganadoras recibirán un galardón. Además del reconocimiento, los ganadores del certamen podrán presentar sus experiencias para obtener apoyos por parte de los convocantes y así dar continuidad y crecimiento a las iniciativas premiadas, siempre y cuando se cumplan con los requisitos previstos en las normatividades respectivas.','www.innovatis.org.mx/es','17 de octubre de 2016'),(30,'Premio UNITEC a la Innovación Tecnológica para el Desarrollo Social','Se premiarán a los 5 proyectos más destacados con la cantidad de $ 70,000.00 M.N. y $ 2,000 USD cada uno. Los ganadores recibirán apoyo y capacitación a través de la International Youth Foundation y la UNITEC para continuar su programa y lograr mayor impacto en sus resultados.','http://www.unitec.mx/premio/?m=concurso.','27 de octubre de 2017'),(31,'Premio UVM por el Desarrollo Social','US$2,000 (dos mil dólares americanos) como subvención económica para impulsar el programa registrado. Seis días de capacitación en febrero 2018, con todos los gastos cubiertos por el Premio UVM. Los colaboradores de los jóvenes ganadores tendrán acceso a capacitación virtual y asesoría especializada. Oportunidades para promover su labor a través de medios locales, nacionales e internacionales. Los ganadores formarán parte de red nacional de Premio UVM por el Desarrollo Social y tendrán la posibilidad de colaborar con jóvenes emprendedores mexicanos. Los ganadores y sus proyectos se convierten en miembros del programa del programa YouthActionNet®.','www.premiouvm.org.mx/','3 de septiembre de 2017'),(32,'Premio a la Innovación Científica y Tecnológica en Ingeniería en el Sector Energético','Un premio por cada categoría, el cual será de $100,000.00 pesos M.N. ','www.gob.mx/cms/uploads/attachment/file/105056/CONVOCATORIA_AIM.SENER.2016_SMA.FINAL-v.3..pdf','15 de noviembre de 2016'),(33,'Premio a la Innovación FUNDACIÓN UNAM-PEMEX','Categoría Licenciatura:\n1er. Lugar: $ 100,000 pesos M.N.\n2o. Lugar: $ 50,000 pesos M.N. \n3o. Lugar: $ 25,000 pesos M.N.\nCategoría Posgrado: \n1er. Lugar: $ 150,000 pesos M.N.\n2o. Lugar: $ 100,000 pesos M.N.\n3o. Lugar:  $ 50,000 pesos M.N.','www.fundacionunam.org.mx/wp-content/uploads/2017/02/CONVOCATORIA-FINAL-PEMEX-2017.pdf','9 de junio de 2017'),(34,'Premio PRODETES (Proyecto de Desarrollo de Tecnologías de Energía Sustentable) 2017','Los proyectos ganadores recibirán hasta el 85% del valor de su propuesta sin rebasar los límites establecidos para cada categoría. Los Beneficiarios deberán aportar una contrapartida en efectivo y/o en especie de al menos 15% del valor total de la propuesta (debe aportarse en efectivo cuando menos el 5% de la contrapartida) y dispondrán de un período de hasta 24 meses para ejercer estos recursos en el desarrollo de sus tecnologías. El monto máximo de apoyo dependerá de la categoría en donde desee participar el Aspirante, siendo de hasta US$2 millones para la categoría oro; hasta US$500 mil para categoría plata y hasta US$100 mil para la categoría bronce. ','www.premioprodetes.mx/','31 de mayo de 2017'),(35,'Evento Nacional Estudiantil de Ciencias (ENEC) 2017','No disponible','http://www.tecnm.mx/convocatorias/convocatoria-del-xxiv-evento-nacional-estudiantil-de-ciencias-enec-2017','1 de septiembre de 2017'),(36,'Premio ADIAT a la Innovación Tecnológica','Para primeros lugares: Trofeo, reconocimiento e incentivo económico ($100,000 M.N.). Segundos y terceros lugares: diploma y reconocimiento. ','adiat.org/subidas/images/Premio%20ADIAT/2017/BASES2017.pdf','27 de enero de 2017'),(37,'Premio CEMEX-TEC','Aceleración y acompañamiento tipo “boot-camp” de 5 días dirigido por Ashoka y consultores especializados, llevada a cabo en Monterrey  México con todos los gastos pagados. ','www.cdcs.com.mx/premio/edicion-2017','19 de mayo de 2017'),(38,'Premio a la Innovación “Ing. Juan Manuel Ramírez Caraza\" para el Desarrollo de Proyectos con Aplicación al Sistema de Transporte Colectivo de la Ciudad de México 2017','Se otorgarán hasta 20 apoyos para el desarrollo de nuevos proyectos en alguna de las áreas de desarrollo especificadas en el Anexo de la convocatoria, los trabajos seleccionados se harán acreedores a un apoyo de $35,000.00 pesos. \nSe otorgarán hasta 10 apoyos a proyectos o estudios ya terminados y/o implementados, los trabajos seleccionados se harán acreedores a un premio en una sola exhibición por un monto de $25,000.00 pesos. ','http://premioinnovacionstc.org/','15 de julio de 2017'),(39,'Premio Nacional de Tecnología e Innovación','Presea y placa de reconocimiento. Prioridad en el apoyo de recursos de la SE y CONACYT, entre otros beneficios.','www.fpnt.org.mx/images/stories/Calendario2015/Convocatoria_Organizaciones_PNTi_XVIII_Edicion_2016.pdf','45 días hábiles posteriores a la publicación de la convocatoria en el DOF'),(40,'Premio Santander a la Innovación Empresarial','1er. Lugar. $500,000 M.N. 2do. Lugar. $200,000 M.N.3er. Lugar. $ 100,000 M.N. Además, los dos primeros lugares de cada categoría, obtendrán una beca para estudiar un programa exclusivo de emprendimiento en alguno de los principales ecosistemas de innovación de Estados Unidos.','www.premiosantander.com/2017/pdfs/Convocatoria_XII_PSIE.pdf','31 de marzo de 2017'),(41,'Concurso Cleantech México Séptima Edición','El ganador del torneo recibirá un premio en efectivo de $250,000 MXN más los premios que otorgan los patrocionadores. ','www.cleantechchallenge.org/node/63?language=es','25 de abril de 2017'),(42,'Concurso Recicla 2017','Jumil de oro, y al primer lugar nacional $100,000 M.N. en efectivo. ','www.limpiemosnuestromexico.com/concurso-recicla-2016','15 de noviembre de 2017'),(43,'Premio Innovación Productiva Sustentable 2015-2016','Se seleccionaran a las 10 mejores organizaciones, y serán acreedoras a un proceso de acompañamiento y creación de capacidades por tres meses, que incluirá: Mentoría en gestión empresarial sustentable, Mentoría en comunicación del modelo de negocios sustentable, Mentoría en cadenas de valor, Mentoría en planificación financiera y legal. ','premiocesmo.org.mx/','No disponible'),(44,'Premio Innovación Sustentable Walmart 2017','a) Capital semilla: 1er. Lugar: $70,000 pesos; 2do. Lugar: $50,000 pesos; 3er. Lugar: $30,000 pesos.\nb) Participación en el programa de pre-incubación.\nc) Participación en el portafolio de Socialab México.\nd) Acompañamiento a los ganadores.\n\n ','premioinnovacionsustentable.com/wp-content/uploads/2017/02/BasesPIS17.pdf','13 de marzo de 2017'),(45,'Premio Nacional Juvenil del Agua 2017','1er. Lugar: $ 40,000 M.N. y el honor de representar a México en el Certamen Internacional durante el mes de agosto de 2017 en Estocolmo, Suecia.\n2do. Lugar: $ 20,000 M.N. \n3er. Lugar: $ 15,000 M.N.','amc.edu.mx/amc/index.php?option=com_content&view=article&id=487&Itemid=80','24 de abril de 2017'),(46,'XIV Concurso Leamos la Ciencia para Todos 2015-2016','1er. Lugar: $ 10,000 M.N., un vale por $1,000 para libros del FCE y un diploma. 2do. Lugar: $ 9,000 M.N., un vale por $1,000 para libros del FCE y un diploma. 3er. Lugar: $ 8,000 M.N., un vale por $1,000 para libros del FCE y un diploma.','http://www.lacienciaparatodos.mx/128_Convocatoria-Ciencia/128_Convocatoria-Ciencia/Convocatoria-LaCienciaParaTodos2016.html','31 de julio de 2016'),(47,'Premio Nacional de Periodismo de Ciencia Tecnología e Innovación 2016','Diploma con valor curricular y $50,000 (cincuenta mil pesos)','http://www.conacyt.gob.mx/index.php/convocatorias-conacyt/convocatorias-conacyt/convocatorias-comunicacion/convocatorias-cerradas-comunicacion/12375-premio-nacional-de-periodismo-cti-convocatoria-2016/file','31 de julio de 2016'),(48,'8º Premio de Periodismo sobre Innovación Científica y Tecnológica 2017','Categoría Nacional: 1er. Lugar: $50,000 M.N., reconocimiento y obra de arte. 2do. Lugar: una tableta electrónica, reconocimiento y obra de arte. 3er. Lugar: libros editados por el IPN, reconocimiento y obra de arte. \nCategoría Estado de México: 1er. Lugar: $45,000 M.N., reconocimiento y obra de arte. 2do. Lugar: libros editados por el IPN, reconocimiento y obra de arte. 3er. Lugar: libros editados por el IPN, reconocimiento y obra de arte.','http://www.periodismoinnovacion.mx/wp-content/uploads/2017/03/CONVOCATORIA_8voPremioPeriodismo_Tablet-1.pdf','14 de julio de 2017'),(49,'Programa para el Fomento al Patentamiento y la Innovación (PROFOPI) ','Reconocimiento a los 5 desarrollos con mayor potencial innovador, viabilidad e impacto social, además de premios materiales. ','http://www.gaceta.unam.mx/20170119/convocatorias/','20 de febrero de 2017'),(50,'Fomento a la Investigación 2017 del Consejo sobre Salud y Cerveza','Se otorgará a los dos mejores proyectos un apoyo por un monto total de $1, 000,000.00 (un millón de pesos 00/100 M.N.) a cada uno. Asimismo, el CONACYT otorgará apoyos adicionales hasta por $100,000.00 (cien mil pesos 00/100 M.N.) para estancias cortas de investigación. ','saludycerveza.com/convocatoria-2017/','30 de junio de 2017'),(51,'Fundación UNAM a la innovación farmacéutica 2017',' Licenciatura: 1er lugar, $70,000 pesos y apoyo para trabajar durante 1 año en empresas del sector; 2o lugar, $50,000 pesos y apoyo para trabajar durante 1 año en empresas del sector; 3er lugar, $30,000 pesos y apoyo para trabajar durante un año en empresas del sector.\nPosgrado: 1er lugar, $200,000 pesos; 2o lugar, $150,000 pesos; 3er lugar, $100,000 pesos. ','http://www.fundacionunam.org.mx/wp-content/uploads/2017/03/CONVOCATORIA-COFEPRIS-PDF.pdf','31 de marzo de 2017'),(52,'Premio CANIFARMA 2017','1er. Lugar: $150,000 M.N. \n2do. Lugar: $100,000 M.N. \n3er. Lugar: $50,000 M.N., y un diploma en cada caso.','http://www.canifarma.org.mx/premioCANIFARMA2017_convocatoria.html','31 de julio de 2017'),(53,'Premio Carlos Slim en Salud','$100,000 USD por categoría.','http://www.salud.carlosslim.org/premios-y-becas/premios-carlos-slim-en-salud/','31 de octubre de 2016'),(54,'Premio de Investigación Médica Dr. José Rosenkranz 2017','$ 200,000.00 pesos M.N. y un diploma por cada una de las categorías. ','www.premiorosenkranz.com.mx/','16 de abril de 2017'),(55,'Premio a la Investigación en Prevención para la Salud 2017','Se premiarán los tres mejores trabajos de las dos categorías conforme a lo siguiente:\n1er. Lugar: $ 150,000 pesos M.N\n2o. Lugar: $ 100,000 pesos M.N.\n3o. Lugar:  $ 50,000 pesos M.N.','http://www.fundacionunam.org.mx/wp-content/uploads/2017/02/CONVOCATORIA-IMSS-FINAL-2.pdf','31 de mayo de 2017'),(56,'Premios al Mérito','Medalla de oro, diploma y una cantidad en numerario.','http://csg.gob.mx/descargas/pdfs/2017/Convocatoria_Dia_Mundial_Salud_2017.pdf','01 de marzo de 2017'),(57,'Premio Miguel Alemán Valdés en el área de la salud','$500,000 (Quinientos mil pesos 00/100 M.N), medalla y diploma.','https://www.miguelaleman.org/images/4Prop_BASESXXXIPremioMAV016APBP_FMA_UNAM_Cinvestav_SEDESA-CDMX_24Abril-26Mayo17.pdf','26 de mayo de 2017'),(58,'Premio de Investigación en Biomedicina Dr. Rubén Lisker','El proyecto ganador recibirá en total $2’100,000.00 (DOS MILLONES CIEN MIL PESOS 00/100 MN) libres de impuestos, un diploma y una constancia de participación.','https://www.premiorubenlisker.mx/static/projectassets/pdf/PDF_Convocatoria.pdf','30 de junio de 2017'),(59,'Premio Nacional de Salud COPARMEX','Documento escrito y enmarcado que suscribe el Presidente Nacional de la Confederación y presea.','www.coparmexabcsalud.org.mx/','15 de noviembre de 2016'),(60,'Reconocimientos AMIPCI','No disponible','http://amipci.centralmedia.mx/bases.php','15 de noviembre de 2016'),(61,'Las 50 empresas más innovadoras','Un lugar en el ranking de las 50 empresas más innovadoras.','www.lasmasinnovadoras.com/sectorprivado/bases/','19 de mayo de 2017'),(62,'Premio Estatal de Ciencia y Tecnología 2016 de Baja California','Cada premio consistirá en un reconocimiento y una remuneración económica cuyo monto no podrá ser menor de tres mil veces el salario mínimo general vigente en el Estado. ','http://www.bajacalifornia.gob.mx/sedeco/documentos/premio/2016/CONVOCATORIA%20PECYT%202016%20v3%20(002).pdf','25 de noviembre de 2016'),(63,'ExpoCiencias Sudcaliforniana 2017','Todos los participantes recibirán su constancia de participación. Reconocimientos de primeros lugares, en cada área y categoría, a los trabajos que obtengan las puntuaciones más altas, y obtendrán la acreditación oficial para formar parte de las delegaciones de jóvenes y niños investigadores a la Expociencias Nacional.','https://www.cibnor.gob.mx/images/stories/eventos/expociencias/Convocatoria_ExpoCiencias_2017.jpg','23 de abril de 2017'),(64,'Reconocimiento al Mérito Estatal de Investigación 2016','Diploma y medalla.','http://www.cocytech.gob.mx/media/convocatorias/2016/convocatoria-rmei-2016-iv.pdf','9 de diciembre de 2016'),(65,'5to. Encuentro de jóvenes investigadores de IES del Estado de Chihuahua ','1er Lugar, $7,000 pesos\n2o Lugar, $5,000 pesos\n3er Lugar, $3,000 pesos','http://jovenesinvestigadores.uach.mx/pdf/Convocatoria_5_Encuentro_de_Jovenes_Investigadores_de_IES_del_estado_de_Chihuahua_2017.pdf','24 de mayo de 2017'),(66,'3er Concurso regional de Emprendimiento Social en Ciencia y Tecnología “Soluciones para el Futuro” ','No disponible','http://www.cite.gob.mx/soluciones_pf/CONVOCATORIA_SAMSUNG2016.pdf','19 de septiembre de 2016'),(67,'Premio de Ingeniería de la Ciudad de México 2017','Diploma de honor, medalla y estatuilla alusiva. La obra será divulgada y el gobierno impulsará su aplicación (si procede).','http://www.obras.cdmx.gob.mx/storage/app/media/uploaded-files/convocatoria-premio-de-ingenieria-2017.pdf','9 de junio de 2017'),(68,'ExpoCiencias Coahuila Chihuahua 2017','Los 22 proyectos ganadores obtendrán la acreditación para participar en la ExpoCiencias Nacional.  Los 2 proyectos con mayor puntaje obtendrán  PASE\nDIRECTO, representando a la Delegación Mexicana en la ExpoCiencias Latinoamericana 2018 en Antofagasta, Chile. ','http://www.expociencias.net/assets/cexpocc2017.pdf',' 28 de abril de 2017'),(69,'Premio Estatal de Ciencia, Tecnología e Innovación 2017','Medalla “Ciencia, Tecnología e Innovación de Coahuila 2017”, constancia, estimulo económico por $250,000 (doscientos cincuenta mil pesos 00/100 M.N.). ','http://coecytcoahuila.gob.mx/wp-content/uploads/2017/04/CONVOCATORIA-PREMIO-ESTATAL-COAHUILA-2017.pdf','26 de mayo de 2017'),(70,'ExpoCiencias Durango 2017 ','1. Todos los proyectos se harán acreedores a su respectivo diploma\nde participación. Además se premiará a los primeros lugares de\ncada área y categoría, siempre y cuando el Comité Evaluador\nconsidere a los proyectos merecedores de tal distinción, de lo\ncontrario se declarará desierto.\n2. Los 7 mejores proyectos obtendrán una acreditación para\nparticipar en Expociencias Nacional 2017 que se llevara a cabo\nen La Paz, Baja California Sur. Además el ganador absoluto\ntendrá una acreditación a Expociencias Latinoamericana ESIAMLAT\n2018 a realizarse en la ciudad de Antofagasta, Chile.','http://www.expociencias.net/assets/cexpodurango2017.pdf','2 de junio de 2017'),(71,'Feria de Ciencias e Ingenierías Estado de Durango 2017','Reconocimientos y premios especiales de los patrocinadores, y se cubrirán los gastos de transportación, hospedaje y alimentación de estudiantes y asesores finalistas.','http://cocyted.mx/Convocatorias/Estatales/CONVOCATORIA_FENACI_2017_FINAL.pdf','7 de abril de 2017'),(72,'Premio Estatal de Ciencia, Tecnología e Innovación 2016 Durango ','Reconocimiento y estímulo único de $ 25,000 M.N.','http://cocyted.mx/Convocatorias/Estatales/CONVOCATORIA_PECTI_2016.pdf','30 de septiembre de 2016'),(73,'Concurso del Universitario Emprendedor ','Constancia de participación.','http://www.concursoemprendedoruaemex.com/XIV/templates/main/vendor/kreatera/TERMINOS%202016.pdf','31 de marzo 2017'),(74,'Feria de Ciencias e Ingenierías Estado de México (FECIEM) 2017','Reconocimiento y medalla. ','http://comecyt.edomex.gob.mx/files/feciem_convocatoria2017.pdf',' 29 de marzo de 2017'),(75,'Premio Estatal de Ciencia y Tecnología 2016 del Estado de México','Medalla de oro y $200,000.00 M.N., para cada una de las áreas y categorías. ','http://comecyt.edomex.gob.mx/files/pecyt_convocatoria2016.pdf','20 de octubre de 2016'),(76,'Premio a Jóvenes Inventores e Innovadores del Estado de México','$50,000 M.N., diploma y un curso presencial. ','http://intranet.comecyt.edomex.gob.mx/ceati/sites/default/files/premiojovenes_convocatoria.pdf','3 de julio de 2017'),(77,'12º Concurso de Creatividad e Innovación ','1er lugar: constancia y estímulo económico de $15, 000 M.N.\n 2do lugar: constancia y estímulo económico de $10, 000 M.N. \n3er lugar: constancia y estímulo económico de $5, 000 M.N.','http://www.convocatorias.ugto.mx/Convocatoria/convocatorias/1','21 de junio de 2017'),(78,'IX Premio a la Innovación Tecnológica Guanajuato 2016','1er. lugar: reconocimiento y $50,000 M.N. \n2do. lugar: reconocimiento y $30,000 M.N. \n3er. lugar: reconocimiento y $20,000 M.N.','http://sices.guanajuato.gob.mx/premioinnovacion/resources/CONVOCATORIA%20IX-1%20PREMIO%20CONCYTEG_FINAL.pdf','26 de agosto de 2016'),(79,'Feria de Ciencias e Ingenierías Hidalgo 2017','Reconocimiento y premios especiales.  ','https://www.uaeh.edu.mx/adminyserv/gesuniv/div_docencia/demsyt/convocatorias/convocatoria_fenaci_2017.pdf','7 de abril de 2017'),(80,'Premio Hidalgo de Ciencia, Tecnología e Innovación 2016','Medalla de oro. Reconocimiento. Entrega en numerario. Publicación de las propuestas ganadoras.','http://citnova.hidalgo.gob.mx/wp-content/uploads/2016/05/CONVOCATORIA-Premio-Hidalgo-1.pdf','10 de agosto de 2016'),(81,'ExpoCiencias Occidente 2017','Medalla, premio y acreditación.','http://www.expociencias.net/assets/cexpoocc2017.pdf','31 de mayo de 2017'),(82,'Premio COPARMEX Jalisco Emprendedor Edición 2016','$100,000 M.N., e impulso del proyecto con el apoyo de un empresario y mentor. ','www.premioemprendedor.org.mx','La fecha límite para el registro se define por la coordinación del Premio y será informada a través portal web. '),(83,'Premio Estatal de Innovación, Ciencia y Tecnología del Estado de Jalisco 2015-2016','Equivalente de 1500 salarios mínimos diarios vigentes y reconocimiento ganador (es) de cada una de las Categorías de CIENCIA, TECNOLOGÍA, INNOVACIÓN y DESARROLLO DEL CONOCIMIENTO\n. Equivalente de 1000 salarios mínimos diarios vigentes y reconocimiento a ganador (es) para cada una de las Categorías de TESIS, INVESTIGACIÓN TEMPRANA Y DIVULGACIÓN.','http://info.jalisco.gob.mx/sites/default/files/programas/convocatorio_del_premio_estatal_2015-2016_periodico_oficial.pdf','31 de agosto de 2016'),(84,'ExpoCiencias Michoacán 2017','Los ganadores participarán en:\n1. ExpoCiencias Nacional 2017 (hasta 12 proyectos)\n2. Feria Internacional de Chile (1 proyecto).\n3. Posibilidad de participar por más pases a ferias internacionales del evento nacional a celebrarse en La Paz, Baja California.','http://expocienciasmichoacan.org.mx/wp-content/uploads/2012/02/CONVOCATORIA-EXPOCIENCIAS-MICHOAC%C3%81N-2017.pdf','10 de septiembre de 2017'),(85,'Premios Estatales de Ciencia, Tecnología, Divulgación, Vinculación y Reconocimientos a la Innovación y a la Labor a la Científica con perspectiva de Género 2017','En cada una de las categorías se otorgará un estímulo económico de $50,000.00 (Cincuenta mil pesos 00/100 M.N.), y un reconocimiento','http://sicdet.org/premios/','4 de septiembre de 2017'),(86,'Reconocimiento al Mérito Estatal de Investigación ','$50,000 M.N. para cada una de las categorías (Excepto tesis de investigación: licenciatura $10 mil, maestría $15 mil y doctorado $25 mil pesos).','http://www.remei.morelos.gob.mx/convocatoria.php','12 de octubre de 2016'),(87,'Premio de Investigación UANL 2017','$ 125,000 M.N. para el autor responsable del trabajo seleccionado, la misma cantidad será entregada al Dpto. de la UANL al cual pertenezca el investigador. ','http://investigacion.uanl.mx/wp-content/uploads/2016/10/Cartel-para-premio-de-investigacion-2017.pdf','10 de febrero de 2017'),(88,'Quinto encuentro de jóvenes investigadores CONCYTEP-CONACYT 2016 ','1er. Lugar: $16,000 M.N. \n2do. Lugar: $11,000 M.N. \n3er. Lugar: $6,000 M.N.','http://www.concytep.puebla.gob.mx/images/docs/jovenes_investigadores/2016/convocatoria_jovenes_investigadores_2016.pdf','23 de septiembre de 2016'),(89,'ExpoCiencias Puebla 2017','Se entregarán una acreditación Internacionales directa a la ESI 2017 en Fortaleza, Brasil y otra acreditación directa al National Children Science Congress, India y se entregarán acreditaciones a la ExpoCiencias Nacional 2016.','http://www.expociencias.net/assets/cexpopuebla2017.pdf','7 de marzo de 2017'),(90,'Presea Estatal de Ciencia y Tecnología “Luis Rivera Terrazas” 2017','Reconocimiento y $50,000 M.N. por cada una de las seis áreas participantes. ','http://www.concytep.puebla.gob.mx/images/docs/premios_estatales/2017/convcatoria_premio_luis_rivera_terrazas_2017.pdf','14 de julio de 2017'),(91,'ExpoCiencias Quintana Roo 2017','1. El único proyecto con mayor puntaje de las categorías MS Y S; tendrá una acreditación Internacional directa a Expociencias Latinoamericana ESI-AMLAT 2018 en Antofagasta, Chile.\n2. El proyecto con mayor puntaje en las categorías, Junior, Media Superior y Superior; contará con la acreditación\npara conformar la Delegación Quintanarroense y participar en la próxima Expociencias Nacional 2017 a\nrealizarse en la Paz Baja California Sur; en donde tendrá la oportunidad de participar y recibir una acreditación\npara poder asistir a alguno de los 38 eventos Internacionales.','http://www.expociencias.net/assets/cexpoqr2017.pdf','19 de mayo de 2017'),(92,'Premios Estatales de Ciencia, Tecnología y de Reconocimiento a la Innovación ',' 3500 Salarios  mínimos vigentes en el estado al momento de emitir la convocatoria.','http://qroo.gob.mx/coqcyt/tramites-y-servicios','No disponible'),(93,'Certamen 20 de Noviembre 65a edición 2016','$ 75,000 pesos M.N. y un reconocimiento. ','http://culturaslp.gob.mx/wp-content/uploads/2016/07/Convocatoria-20Noviembre-65edicion.pdf','9 de septiembre de 2016'),(94,'Premio Estatal de la Juventud 2016','Reconocimiento y $25,000.00 (Veinticinco mil pesos 00/100 M. N.).','http://www.slpjoven.gob.mx/assets/convocatoria-premio-estatal-de-la-juventud-2016-nov.pdf','23 de noviembre de 2016'),(95,'ExpoCiencias Pacífico 2017','1. Reconocimiento \"María del Refugio Muñóz Orozco\".\n2. Los primeros lugares con los puntajes más altos obtendrán su pase directo a la Expociencias Nacional 2017 La Paz B.C.S.\n3. Pase directo a eventos internacionales.','http://www.expociencias.net/assets/cexpopac2017b.pdf',' 19 de abril de 2017'),(96,'Premio Sinaloa de Ciencia, Tecnología e Innovación 2016','1. Modalidad ciencia: medalla de oro, diploma y $100, 000 M.N. \n2. Modalidad ciencias sociales y humanidades: medalla de oro, diploma y $100,000 M.N.\n2. Modalidad tecnología e innovación: medalla de oro, diploma , $100,000 M.N. e inscripción a premio ADIAT 2017.','http://www.inapisinaloa.gob.mx/convocatorias/convocatoria-premio-sinaloa-de-ciencia-y-tecnologia-2016','5 de mayo de 2017'),(97,'ExpoCiencias Tabasco 2017','Acreditación para participar en la ExpoCiencias Nacional 2017','http://www.expociencias.net/assets/cexpotabasco2017.pdf','12 de mayo de 2017'),(98,'Premio Estatal de la Juventud 2017','Reconocimiento por parte del Ejecutivo del Estado de Tabasco, un obsequio alusivo al evento y un estímulo económico de $5,000 pesos.','https://tabasco.gob.mx/sites/default/files/users/injutabtabasco/Bases%20Premio%20Estatal%20de%20la%20Juventud%202017.pdf','3 de julio de 2017'),(99,'Certamen Estatal de Creatividad e Innovación Tecnológica','1. Premios fase regional: 1er lugar, $2,000 pesos; 2o lugar, $1,000 pesos; 3er lugar, $500 pesos. Primeros tres lugares tienen pase a la fase estatal.\n2. Premios fase estatal: 1er lugar $20,000 pesos; 2o lugar $15,000 pesos; 3er lgar $10,000 pesos. En las categorías media superior y superior se seleccionarán los mejores dos proyectos para asistir a EXPOCIENCIAS LATINOAMERICA ESIAMLAT 2018, Antofagasta, Chile, y GENIUS OLYMPIAD 2018 y GENIUS OLIMPIAD 2018, NEW YORK, USA. ','http://www.cotacyt.gob.mx/creatividad/','5 de octubre del 2017'),(100,'Premio Yucatán de Ciencia Juvenil','Nivel secundaria: 1er lugar, $7,500; 2o lugar, $5,000; 3er lugar, $2,500\n','http://www.siies.yucatan.gob.mx/convocatoria.php?id_convocatoria=108','14 de octubre de 2016'),(101,'The AAAS Early Career Award for Public Engagement with Science','$5,000 USD, placa conmemorativa.','https://www.aaas.org/page/aaas-early-career-award-public-engagement-science','15 de agosto de 2017'),(102,'Benjamin Franklin Medals','Medalla de oro de 14 kilates. ','www.fi.edu/benjamin-franklin-medals-nominations','Se aceptan nominaciones en cualquier momento.'),(103,'Premios Fundación BBVA Fronteras del Conocimiento 2017 ','La dotación de los Premios Fundación BBVA Fronteras del Conocimiento es, en cada una de sus categorías, de 400.000 €, un diploma y un símbolo artístico. En el caso de que el premio sea compartido por más de una persona, la dotación económica se repartirá por igual entre todas ellas.','http://fuam.es/fundacion-bbva-premios-fundacion-bbva-fronteras-del-conocimiento-plazo-30062017/','30 de junio de 2017'),(104,'Falling Walls Lab Mexico 2017','El ganador de Falling Walls Lab México calificará para el Falling Walls Lab Finale en Berlín, en donde tendrá la oportunidad de competir con los demás ganadores de otros países. Los tres primeros lugares finales recibirán un premio en efectivo y presentarán sus ideas en la Falling Walls Conferenece ante algunos de los científicos más distinguidos de nuestros tiempos. ','https://www.daad.mx/es/falling-walls-lab-mexico-2017/','31 de julio de 2017'),(105,'Google Science Fair 2016','El ganador del Gran Premio recibirá una beca de $50.000 USD. La beca de 50.000 dólares de Google pretende ampliar la educación del ganador del Gran Premio. Si el ganador del premio es un equipo, el valor de la beca se dividirá de forma equitativa entre sus miembros. Los 16 mejores proyectos de todo el mundo, acompañados por uno de sus progenitores o tutores legales, viajarán a la oficina central de Google en Mountain View, California, para presentar sus proyectos ante el jurado y competir en los premios Pionero de Virgin Galactic, Constructor de LEGO® Education, Explorador de National Geographic o Innovador de Scientific American.','www.googlesciencefair.com/es/','No disponible'),(106,'Intel International Science and Engineering Fair 2017','$75,000 USD al mejor proyecto de cada categoría, y otros premios acumulables.','https://student.societyforscience.org/international-rules-pre-college-science-research','14 de mayo de 2017 (tras haber sido seleccionado como finalista en alguna feria afiliada).'),(107,'Innovadores menores de 35','Reconocimiento a la trayectoria y potencial de las 10 personas jóvenes con mejores proyectos de investigación y desarrollo de tecnologías emergentes, trabajos de alto nivel que posean un gran potencial de impacto social y económico. ','http://www.innovatorsunder35.com/sites/default/files/Terms_and_Conditions_2017_LATAM.pdf','No disponible'),(108,'L’Oréal-UNESCO for Women in Science International Awards ','Cada una de las cinco ganadoras recibirá 100 mil euros en efectivo.','http://www.forwomeninscience.com/es/awards','20 de junio de 2017'),(109,'Muestra Internacional de Ciencias y Tecnología MOSTRATEC (Brasil)','Certificado de participación.','http://www.mostratec.com.br/es/edicion-actual/inscripcion-de-proyectos/cronograma-2017-proceso-de-seleccion','25 de junio de 2017 (para ferias afiliadas realizadas de 01 de octubre de 2016 a 31 de mayo de 2017). 24 de septiembre de 2017 (para ferias afiliadas realizadas de 01 de junio a 24 de septiembre de 2017). 20 de septiembre de 2017 (inscripción a proceso de selección).'),(110,'Premio Princesa de Asturias a la investigación científico-técnica ','Escultura de Joan Miró, $50.000 € en efectivo, un diploma y una insignia.','http://www.fpa.es/es/premios-princesa-de-asturias/reglamento-2017/','30 de marzo de 2017'),(111,'Premio UNESCO-Kalinga de Divulgación Científica','$20,000 USD y un certificado y la medalla de plata Albert Einstein de la UNESCO.','www.unesco.org/new/es/natural-sciences/science-technology/sti-policy/global-focus/science-popularization/prizes/kalinga-prize/','19 de mayo de 2017 (es bienal)'),(112,'Proyecto Multimedia Concurso latinoamericano de Proyectos de Cómputo- Informatix Latinoamérica ','Este concurso funge como la eliminatoria continental de: INFOMATIX (Rumania), MOSTRATEC (Brasil), Robotchallenghe (Austria), ATAST (Túnez), DOESEF (Turquía), Magma Recerca (España) e Informatix Latinoamérica (México, Ecuador, Colombia, entre otros). ','http://infomatrix.lat/convocatoriapmxi/','Fecha de cierre de acuerdo a la sede. '),(113,'SABRI ÜLKER International Science Award ','$100,000 liras turcas','http://www.unitedbiscuits.com/news/sabri-ulker-science-award-competition/','1 de abril de 2017'),(114,'Feria de Ciencias e Ingenierías del Estado de Sinaloa 2017','Otorgamiento de al menos 5 acreditaciones a los estudiantes y asesores de proyectos ganadores que obtengan el mayor puntaje y los mejores resultados para participar en la Feria Naciona','http://www.inapisinaloa.gob.mx/wp-content/uploads/2017/01/CONVOCATORIA-FCIES2017.pdf','7 de abril de 2017'),(115,'Feria de Ciencias e Ingenierías del Estado de Puebla 2017','Constancia de participación a los estudiantes y asesores en la Feria Estatal. Reconocimiento al “primero”, “segundo” y “tercer lugar”. Otorgamiento de al menos 5 acreditaciones a los estudiantes y asesores de proyectos ganadores que obtengan el mayor puntaje y los mejores resultados para participar en la Feria Nacional. ','http://www.concytep.pue.gob.mx/images/docs/feria_ciencias/2017/convocatoria_fenaci_2017.pdf','7 de abril de 2017'),(116,'Premio estatal de investigación en salud 2017','1er lugar, diploma y $25,000 pesos\n2o lugar, diploma y $15,000 pesos\n3er lugar, diploma y $10,000 pesos','http://sieval.salud-oaxaca.gob.mx/BASES2017.pdf','30 de junio de 2017'),(117,'Premios Arturo Rosenblueth 2016','Diploma y estímulo de $50,000 para el autor, así como un reconocimiento para el director o directores de tesis.','http://sinac2.cs.cinvestav.mx/Rosenblueth/convocatoria.html','12 de agosto del 2016'),(118,'Premio Nacional de Investigación Social y de Opinión Pública, Séptima edición 2017','Primer lugar: 150 mil pesos\nSegundo lugar: 75 mil pesos\nTercer lugar: 50 mil pesos','http://www5.diputados.gob.mx/index.php/camara/Centros-de-Estudio/CESOP/Vinculacion-y-Difusion/Premio-Nacional-de-Investigacion-Social-y-de-Opinion-Publica-2017/05-Premio-Nacional-de-Investigacion-Social-y-de-Opinion-Publica-septima-edicion-2017','31 de agosto de 2017'),(119,'Premio Javier Barros Sierra','$ 75,000.00 pesos M.N. y un diploma','http://www.fundacionunam.org.mx/ConvocatoriaBarrosSierra.pdf','20 de enero de 2017'),(120,'Feria de Ciencias e Ingenierías Coahuila 2017','Los cinco proyectos con mayor puntaje de la categoría de preparatoria, acreditarán su pase a la Feria Nacional de Ciencias e Ingenierías 2017 representando a Coahuila. Se entregarán además, premios especiales otorgados por empresas e instituciones a proyectos, que, a su juicio, sean ganadores de dichos reconocimientos.','http://coecytcoahuila.gob.mx/wp-content/uploads/2017/02/Convocatoria-FENACI-2017.pdf','7 de abril de 2017'),(121,'Feria de Ciencias e Ingenierías Veracruz 2017','Reconocimiento (constancia) a los estudiantes y asesores de proyectos que obtengan los mayores puntajes. Dichos proyectos se presentarán en la Feria Nacional de Ciencias e Ingenierías. Los gastos para participar en la Feria Nacional serán cubiertos por el COVEICYDET.','http://cienciaveracruz.gob.mx/FENACI2017/FENACI2017.pdf','7 de abril de 2017'),(122,'Concurso de Conocimientos en Ciencias Básicas edición 2017','No disponible','http://www.cozcyt.gob.mx/docs/ConcCono2017.jpg','2 de junio de 2017'),(123,'Premio Querétaro de Ciencia, Tecnología e Innovación 2017','Se otorgará un reconocimiento por escrito y la cantidad de $250,000.00 (Doscientos cincuenta mil pesos 00/100 M.N.).','http://www.concyteq.edu.mx/concyteq/convocatorias/premio_Qro.pdf','31 de agosto de 2017'),(124,'ExpoCiencias Guanajuato 2017','Acreditación para participar en: ExpoCiencias Nacional 2017 La Paz, Baja California Sur; ExpoCiencias Latinoamericana 2018 Chile e Infomatrix.','http://www.expociencias.net/assets/cexpoguanaj2017.pdf','9 de junio de 2017'),(125,'Expociencias Nuevo León 2017','1. Constancia de participación a los estudiantes y asesores de los proyecto finalistas participantes en la ExpoCiencias Nuevo León.\n2. Reconocimiento al “primero”, “segundo” y “tercer lugar” (que acrediten un puntaje mayor o igual a 80 puntos con base 100) en cada categoría.\n3. Otorgamiento de 5 acreditaciones para participar en ExpoCiencias Nacional 2017 a los estudiantes y asesores de los 5 proyectos que obtengan el mayor puntaje de toda la ExpoCiencias NL, independientemente del área y la categoría en la que participen.\n4. El proyecto con mayor puntaje de todos, obtendrá su pase directo a ExpoCiencias Latinoamericana ESI-AMLAT 2018, 2-6 julio en Antofagasta Chile.','http://www.expociencias.net/assets/cexponl2017.pdf','18 de agosto de 2017'),(126,'Expociencias Metropolitana 2017','ACREDITACIÓN OFICIAL DEL MILSET para formar parte de las DELEGACIONES DE JÓVENES Y NIÑOS INVESTIGADORES A: LAS EXPOCIENCIAS INTERNACIONALES DEL MILSET EN 2017 y A EXPOCIENCIAS NACIONAL 2017.','http://www.expocienciasmetropolitana.org.mx/expociencias2017/docs/convocatoria_2017.pdf','3 de marzo de 2017'),(127,'ExpoCiencias Veracruz 2017','No disponible','http://www.expociencias.net/assets/cexpover2017.pdf','25 de agosto de 2017'),(128,'ExpoCiencias San Luis Potosí 2017','1. Los mejores 18 trabajos obtendrán acreditación para participar representando al estado de San Luis Potosí en la ExpoCiencias Nacional 2017 a celebrarse en La Paz, Baja California Sur.\n2. Al trabajo con mayor puntaje se le otorgará una acreditación internacional para formar parte directamente en la Delegación Mexicana que participará en la:\nEXPOCIENCIAS LATINOAMERICANA ESI-AMLAT 2018, 2-6 JULIO, ANTOFAGASTA, CHILE.','http://www.expociencias.net/assets/cexposlp2017.pdf','8 de septiembre de 2017'),(129,'ExpoCiencias Tlaxcala 2017','Los proyectos que resulten con la mayor puntuación y no menor al 80% tendrán una acreditación a ExpoCiencias Nacional 2017 en La Paz Baja California que se llevará cabo en el mes de Diciembre del 2017 y el mayor puntaje de la ExpoCiencias acreditará a la ExpoCiencias Latinoamericana ESIAMLAT 2018 celebrada del 2 al 6 de Julio en Antofagasta.','http://www.expociencias.net/assets/cexpotlax2017.pdf','7 de mayo de 2017'),(130,'ExpoCiencias Tamaulipas 2017','a) 1. Primer lugar: $20,000\n     2. Segundo lugar: $15,000\n     3. Tercer lugar: $10,000\nb) Diploma.\nC) Asistencia a EXPOCIENCIAS LATINOAMERICANA ESI-AMLAT 2018 y a GENIUS OLYMPIAD 2018.','http://www.expociencias.net/assets/cexpotam2017.pdf','5 de octubre de 2017'),(131,'ExpoCiencias Nayarit 2017','No disponible','http://www.expociencias.net/assets/cexponay2017.pdf','23 de junio del 2017'),(132,'ExpoCiencias Hidalgo 2017','1. 2 Acreditaciones Internacionales (Una para el mejor proyecto de nivel medio superior\ny otra para nivel superior.) EXPOCIENCIAS LATINOAMERICANA ESI-AMLAT A\nCELEBRARSE DEL 2 AL 6 DE JULIO DE 2018, EN ANTOFAGASTA, CHILE.\n2. Los mejores proyectos serán elegidos por el Comité Evaluador y 22 de ellos (siempre y\ncuando se cubran las 11 áreas de participación en los niveles medio superior y superior)\nobtendrán su acreditación para participar en ExpoCiencias Nacional 2017, a\ncelebrarse del 4 al 8 de Diciembre del presente en el Centro de Convenciones de la Paz,\nla ciudad de la Paz, Baja California Sur.','http://www.expociencias.net/assets/cexpohdgo2017.pdf','12 de septiembre de 2017'),(133,'ExpoCiencias Sonora 2017','1. Los primeros cinco proyectos con los puntajes más altos\nobtendrán su pase directo a la ExpoCiencias Nacional 2017.\n2. El proyecto con el mayor puntaje de todo el evento\nobtendrá su pase directo para formar parte de la\ndelegación mexicana que representará al país en los\neventos internacionales.','http://www.expociencias.net/assets/cexposon2017b.pdf','28 de abril de 2017');
/*!40000 ALTER TABLE `grid_events` ENABLE KEYS */;
UNLOCK TABLES;

--
-- Table structure for table `grid_participants`
--

DROP TABLE IF EXISTS `grid_participants`;
/*!40101 SET @saved_cs_client     = @@character_set_client */;
/*!40101 SET character_set_client = utf8 */;
CREATE TABLE `grid_participants` (
  `participant_id` int(10) unsigned NOT NULL AUTO_INCREMENT,
  `name` varchar(255) COLLATE utf8_unicode_ci DEFAULT NULL,
  PRIMARY KEY (`participant_id`)
) ENGINE=InnoDB AUTO_INCREMENT=48 DEFAULT CHARSET=utf8 COLLATE=utf8_unicode_ci;
/*!40101 SET character_set_client = @saved_cs_client */;

--
-- Dumping data for table `grid_participants`
--

LOCK TABLES `grid_participants` WRITE;
/*!40000 ALTER TABLE `grid_participants` DISABLE KEYS */;
INSERT INTO `grid_participants` VALUES (1,'Estudiantes de licenciatura'),(2,'Investigadore(a)s y tecnólogo(a)s'),(3,'Jóvenes investigadores'),(4,'Todos los interesados'),(5,'Estudiantes de posgrado'),(6,'Personas físicas'),(7,'Jóvenes entre 12 y 29 años'),(8,'Profesores, investigadores, personal académico'),(9,'Estudiantes de preparatoria'),(10,'Estudiantes entre 5 y 24 años'),(11,'Estudiantes entre 14 y 22 años'),(12,'Estudiantes entre 15 y 30 años'),(13,'Emprendedores'),(14,'Empresarios'),(15,'Organización sin fines de lucro'),(16,'Estudiantes y exalumnos'),(17,'Instituciones de investigación'),(18,'Gobiernos (federal, estatal, municipal)'),(19,'Empresas y emprendedores sociales'),(20,'Jóvenes entre 18 y 29 años'),(21,'Ingenieros e ingenieras o profesionistas afines'),(22,'Egresados'),(23,'Personas físicas o morales públicas y privadas'),(24,'Empresas de todos los tamaños'),(25,'Personas físicas y morales públicas y privadas'),(26,'Egresados (máximo 1 año)'),(27,'Emprendedores registrados en incubadoras'),(28,'Empresas u organizaciones del CESMO'),(29,'Jóvenes menores de 30 años'),(30,'Estudiantes de secundaria'),(31,'Estudiantes hasta 25 años'),(32,'Profesores'),(33,'Periodistas y/o divulgadores'),(34,'Profesionales de la salud'),(35,'Persona física o moral'),(36,'Estudiantes de 3ro de primaria hasta universidad'),(37,'Estudiantes entre 13 y 23 años'),(38,'Empresas PyMEs'),(39,'Egresados (máximo 6 meses)'),(40,'Personas mayores de 18 años'),(41,'Estudiantes entre 13 y 18 años'),(42,'Estudiantes menores de 20 años'),(43,'Personas menores de 35 años'),(44,'Investigadoras/científicas'),(45,'Estudiantes entre 14 y 21 años'),(46,'Estudiantes entre 6 y 25 años'),(47,'Investigadores y tecnólogos (grado de Doctor)');
/*!40000 ALTER TABLE `grid_participants` ENABLE KEYS */;
UNLOCK TABLES;

--
-- Table structure for table `grid_range`
--

DROP TABLE IF EXISTS `grid_range`;
/*!40101 SET @saved_cs_client     = @@character_set_client */;
/*!40101 SET character_set_client = utf8 */;
CREATE TABLE `grid_range` (
  `range_id` int(11) NOT NULL AUTO_INCREMENT,
  `name` varchar(45) COLLATE utf8_unicode_ci DEFAULT NULL,
  PRIMARY KEY (`range_id`)
) ENGINE=InnoDB AUTO_INCREMENT=4 DEFAULT CHARSET=utf8 COLLATE=utf8_unicode_ci;
/*!40101 SET character_set_client = @saved_cs_client */;

--
-- Dumping data for table `grid_range`
--

LOCK TABLES `grid_range` WRITE;
/*!40000 ALTER TABLE `grid_range` DISABLE KEYS */;
INSERT INTO `grid_range` VALUES (1,'Nacional'),(2,'Internacional'),(3,'Estatal ');
/*!40000 ALTER TABLE `grid_range` ENABLE KEYS */;
UNLOCK TABLES;

--
-- Table structure for table `grid_sponsor`
--

DROP TABLE IF EXISTS `grid_sponsor`;
/*!40101 SET @saved_cs_client     = @@character_set_client */;
/*!40101 SET character_set_client = utf8 */;
CREATE TABLE `grid_sponsor` (
  `sponsor_id` int(11) NOT NULL AUTO_INCREMENT,
  `name` mediumtext COLLATE utf8_unicode_ci,
  `description` mediumtext COLLATE utf8_unicode_ci,
  PRIMARY KEY (`sponsor_id`)
) ENGINE=InnoDB AUTO_INCREMENT=141 DEFAULT CHARSET=utf8 COLLATE=utf8_unicode_ci;
/*!40101 SET character_set_client = @saved_cs_client */;

--
-- Dumping data for table `grid_sponsor`
--

LOCK TABLES `grid_sponsor` WRITE;
/*!40000 ALTER TABLE `grid_sponsor` DISABLE KEYS */;
INSERT INTO `grid_sponsor` VALUES (1,'Coca-Cola y Consejo Nacional de Ciencia y Tecnología (CONACYT).','Estudiantes y profesionales que hayan realizado investigaciones y estudios en el país sobre ciencia y tecnología de alimentos y bebidas exclusivamente para consumo humano. '),(2,'Gobierno de la Ciudad de México y Secretaria de Ciencia, Tecnología e Innovación de la Ciudad de México (SECITI).','Candidatos adscritos a instituciones de investigación, educación superior, laboratorios, empresas, comunidad científica y tecnológica, además de los sectores relacionados y la sociedad en general. Pueden ser  de nacionalidad mexicana y/o extranjeros, residentes en México.'),(3,'Academia Mexicana de Ciencias (AMC).','Cualquier científico que haya investigado en México en los últimos años en alguna institución acreditada, y que no hayan cumplido 40 años en el caso de hombres y  43 años en el caso de mujeres. '),(4,'Instituto Politécnico Nacional (IPN).','Se otorga a personal académico del Instituto que contribuye con destacadas investigaciones a incrementar el conocimiento científico y el desarrollo tecnológico.'),(5,'Instituto Tecnológico y de Estudios Superiores de Monterrey (ITESM).','Se otorga solo a personas físicas. Los candidatos deberán ser propuestos por rectores y directivos de escuelas o campus, presidentes y directores de instituciones o asociaciones profesionales, científicas y de investigación del país, así como personas que hayan obtenido anteriormente el Premio Luis Elizondo.'),(6,'Gobierno Federal y la Secretaría de Educación Pública (SEP).','A instituciones y agrupaciones que integran la lista que de conformidad con lo dispuesto por el artículo 49 de la Ley de Premios, Estímulos y Recompensas Civiles PROPONGAN candidatos. El Premio se otorgará a personas físicas, aunque estén domiciliadas fuera del país.'),(7,'Secretaría de Educación Pública (SEP), Secretaría de Desarrollo Social (SEDESOL) e Instituto Mexicano de la Juventud (IMJUVE).','Organizaciones, gobierno, instituciones, etc., para que PROPONGAN a jóvenes mexicanos por nacimiento o por naturalización (entre 12 y 29 años), individualmente o en grupo, con residencia en la República Mexicana o en el extranjero.'),(8,'Instituto Tecnológico y de Estudios Superiores de Monterrey (ITESM).','Los candidatos a este premio deberán ser profesores del Tecnológico de Monterrey y su candidatura debe ser propuesta por el director del Centro, Escuela, Departamento o Grupo de Enfoque al que pertenece el profesor. '),(9,'Universidad Nacional Autónoma de México (UNAM).','Personal académico de la UNAM profesor, investigador o técnico académico con más de diez años de antigüedad. En el caso de personal externo, sólo podrá participar en el campo de creación artística y extensión de la cultura.'),(10,'Academia Mexicana de Ciencias (AMC) y Asociación Mexicana de Amigos del Instituto Weizmann de Ciencias A.C.','Doctorantes que no haya cumplido en el caso de los hombres 35 años y para las mujeres 38 años y que hayan realizado sus trabajos de tesis en México.'),(11,'Centro de Investigación y de Estudios Avanzados (CINVESTAV) y Grupo Farmacéutico Neolpharma.','Científicos y grupos de investigación que realicen sus labores en centros de investigación, hospitales, universidades e instituciones de educación superior, públicas o privadas en México, en el área de la Bionanotecnología.'),(12,'Academia Mexicana de Ciencias (AMC), con apoyo de la Universidad Nacional Autónoma de México (UNAM), Universidad Autónoma Metropolitana (UAM), el Colegio de México, Centro de Investigación y Docencia Económicas (CIDE), Instituto de Investigaciones Dr. José María Luis Mora, Centro de Investigación y de Estudios Avanzados (CINVESTAV) e Instituto Nacional de Antropología e Historia (INAH). ','Persona que haya concluido un doctorado en ciencias sociales y humanidades. Podrá concursar cualquier persona que no haya cumplido en el caso de los hombres 38 años y para las mujeres 40 años al 19 de septiembre de 2016.'),(13,'El Colegio de México.','Investigadores vinculados a alguna institución mexicana, independientemente de su nacionalidad.'),(14,'Secretaria de Relaciones Exteriores.','Investigaciones cuyo tema verse sobre la historia de las relaciones internacionales de México. Podrán participar: tesis doctoral o investigación académica, tesis de maestría y, tesis o tesinas de licenciatura, todas ellas realizadas de forma individual o colectiva.'),(15,'Instituto de Investigaciones Sociales de la Universidad Nacional Autónoma de México (UNAM).','Especialistas en Ciencias Sociales en Instituciones de América Latina, España y Portugal. Los participantes deberán contar con un mínimo de 5 años de experiencia en la investigación.'),(16,'Instituto Nacional de Antropología e Historia (INAH).','Investigadores  o tesistas mexicanos y extranjeros residentes en el país. '),(17,'Coordinación Nacional de Organismos Descentralizados Estatales de los Colegios de Estudios Científicos y Tecnológicos (CECyTE) de la República Mexicana.','Podrán participar estudiantes y docentes de todos los Colegios de Estudios Científicos y Tecnológicos de la República Mexicana.'),(18,'Escuela de Ingeniería y Tecnologías de Información del Tecnológico de Monterrey. ','Estudiantes de preparatoria (nacionales y extranjeros) con promedio igual o mayor a 80 y menores de 20 años.'),(19,'Dirección General de Educación Tecnológica Industrial (DGETI).','Alumnos y docentes del Subsistema de Educación Tecnológica Industrial.  El concurso se desarrolla en tres fases: local (plantel), estatal y nacional.'),(20,'La Universidad Nacional Autónoma de México (UNAM), a través de la Escuela Nacional Colegio de Ciencias y Humanidades, la Escuela Nacional Preparatoria, la Dirección General de Incorporación y Revalidación de Estudios y la Dirección General de Divulgación de la Ciencia. ','Podrán participar los alumnos inscritos en el nivel medio superior, con investigaciones realizadas en el ciclo escolar 2016-2017. '),(21,'RED Nacional de Actividades Juveniles en Ciencia y Tecnología, Consejo Nacional de Ciencia y Tecnología (CONACYT), Sociedad Latinoamericana de Ciencia y Tecnología (SOLACYT) con el aval de Mouvement International pour le Loisir Scientifique et Technique (MILSET).','Estudiantes en nivel educativo de preescolar, primaria, secundaria, bachillerato (o su equivalente) o Superior (Universidad), entre 5 y 24 años. '),(22,'Consejo Nacional de Ciencia y Tecnología (CONACYT) a través de Consejos de Ciencia y Tecnología de los Estados de la República Mexicana.','Jóvenes inscritos en instituciones educativas entre los 14 años y  22 años (cumplidos al 30 de Junio de 2017). Para participar tendrán que haber sido seleccionados entre los mejores proyectos de las Ferias Estatales participantes. '),(23,'Reforestamos México A.C., Grupo Bimbo, BBVA Bancomer, Fundación Coca-Cola, MASISA, Comisión Nacional Forestal y el Instituto Nacional del Emprendedor.','Estudiantes activos mayores de 15 años y hasta 30 años, originarios de países de Latinoamérica. Al menos el 50% del equipo deberá estar cursando la carrera de técnico forestal  a nivel bachiller, o la carrera de ingeniero forestal a nivel licenciatura. '),(24,'Alianza FiiDEM A.C. y Fondo Sectorial de Innovación FINNOVA.','Estudiantes inscritos en programas nacionales de nivel licenciatura o posgrado con perfil de emprendedores.'),(25,'CNN Expansión.','Emprendedores con al menos dos años de ventas en el mercado. '),(26,'Secretaría de Economía a través del Instituto Nacional del Emprendedor (INADEM).','Emprendedores, personas físicas o morales, mayores de 18 años, con una idea innovadora o que se encuentran en proceso de creación y/o desarrollo de una empresa (Categoría I).'),(27,'Academia Mexicana de Ciencias (AMC), Consejo Nacional de Ciencia y Tecnología (CONACYT),  Red Nacional de Consejos y Organismos Estatales de Ciencia y Tecnología, A.C. (REDNACECYT), Comisión de Ciencia y Tecnología del Senado de la República, Foro Consultivo Científico y Tecnológico A.C. (FCCYT) y 35 Socios Estratégicos. ','A las y los estudiantes de licenciatura o su equivalente, con inscripción vigente en instituciones de educación superior públicas o privadas del país. '),(28,'FEMSA y el Tecnológico de Monterrey.','Instituciones de investigación, agrupaciones profesionales, asociaciones civiles, organismos intermedios, empresas, instituciones educativas y entidades gubernamentales del país o extranjeras a PRESENTAR candidatos.'),(29,'El Consejo Nacional de Ciencia y Tecnología (CONACYT), la Secretaría de Desarrollo Social (SEDESOL), El Centro de Investigación e Innovación en Tecnologías de la Información y Comunicación (INFOTEC), El Centro de Investigación y Docencia Económicas (CIDE), La Universidad Autónoma Metropolitana (UAM) y Banco Santander.','Desarrollos tecnológicos presentados por universidades, centros de investigación, gobiernos federal, estatal, municipal, delegaciones políticas de la Ciudad de México, organizaciones de la sociedad civil, empresas y emprendedores sociales.'),(30,'Universidad Tecnológica de México (UNITEC).','Jóvenes emprendedores de 18 a 29 años, de forma individual o en grupo. Deberán ser los fundadores o cofundadores del proyecto. '),(31,'Universidad del Valle de México (UVM) e International Youth Foundation.','Jóvenes entre 18 y 29 años de edad. El concursante debe ser fundador o co-fundador de un programa que a través de sus actividades impulsen el desarrollo social y/o ambiental de México.'),(32,'Academia de Ingeniería de México y Secretaría de Energía (SENER).','Académicos, investigadores y profesionistas, ingenieros o profesionales afines que radiquen en México (personas físicas), así como organizaciones (personas morales). '),(33,'Fundación Universidad Nacional Autónoma de México, A.C. (FUNAM) y Petróleos Mexicanos (PEMEX).','Egresados nacionales o extranjeros, que se hayan titulado hasta antes del cierre de la convocatoria, en áreas de las Ciencias Físico Matemáticas, Ingenierías en general, así como de las Ciencias Biológicas, Químicas y de la Salud de la Universidad Nacional Autónoma México (UNAM), de los niveles de licenciatura y de posgrado.'),(34,'La Secretaría de Energía (SENER), a través de la Subsecretaría de Planeación y Transición Energética (SPTE).','Personas físicas y morales (investigadores independientes, empresas del sector privado, investigadores afiliados a los centros de investigación o instituciones de educación superior del sector público o privado y equipos multidisciplinarios conformados por cualquier de estas). '),(35,'Tecnológico Nacional de México (TecNM).','Podrán participar todos los estudiantes del Tecnológico Nacional (TecNM) de nivele licenciatura. '),(36,'Asociación Mexicana de Directivos de la Investigación Aplicada y el Desarrollo Tecnológico (ADIAT).','Empresas, grandes y PyMEs.'),(37,'CEMEX, el Tecnológico de Monterrey y Ashoka.','Emprendedores de Latinoamérica.'),(38,'CEMEX, el Tecnológico de Monterrey y Ashoka.','Emprendedores latinoamericanos con ideas de negocio innovadoras y sostenibles relacionadas a la industria de la construcción, y que cuentan con un prototipo o piloto de su propuesta.'),(39,'Gobierno de la Ciudad de México a través del Sistema de Transporte Colectivo (STC).','Mujeres y hombres estudiantes de nivel licenciatura y posgrado, egresados y profesionistas en las áreas de ingeniería, mexicanos y extranjeros, trabajadores de la comunidad del S.T.C.'),(40,'Fundación Premio Nacional de Tecnología A.C, Secretaría de Economía y Consejo Nacional de Ciencia y Tecnología (CONACYT).','Personas físicas y morales, públicas y privadas, establecidas en el país.'),(41,'Grupo Financiero Santander, Secretaría de Educación Pública (SEP), Instituto Nacional del Emprendedor (INADEM), Asociación Nacional de Universidades e Instituciones de Educación Superior (ANUIES), el Consejo Coordinador Empresarial (CCE) y el Consejo de la Comunicación.','Estudiantes que cursen cualquier año de licenciatura, ingeniería o carrera técnica superior en universidades mexicanas. Egresados de cualquier licenciatura o carrera técnica superior universitaria que tengan máximo un año de haber terminado sus estudios a la fecha del cierre de convocatoria.  Estudiantes que se encuentren cursando cualquier especialidad, maestría o doctorado en universidades mexicanas. Emprendedores que tengan un proyecto individual o por equipo inscrito en cualquiera de las incubadoras del país. Todos ellos con máximo 30 años cumplidos.'),(42,'Green Momentum, USAID y Banamex.','Universitarios, estudiantes de posgrado, académicos o todo aquél que cuente con un proyecto de negocio; startups en etapa de incubación o de reciente creación; así como PYMES en etapa de crecimiento, aceleración, o en búsqueda de inversión de capital privado.'),(43,'Fundación Azteca de Grupo Salinas, la Secretaría de Medio Ambiente y Recursos Naturales (SEMARNAT), PEMEX y Grupo Bimbo.','A individuos, escuelas, organizaciones no gubernamentales, empresas, instituciones de investigación; instituciones gubernamentales, así como a toda persona física o moral comprometida con el medio ambiente de México. '),(44,'SEMARNAT, SAGARPA y la CONANP, con la asesoría de la Cooperación Alemana al Desarrollo (GIZ).','Están invitadas a participar todo tipo de organizaciones o empresas presentes en el Corredor Ecológico de la Sierra Madre Oriental (CESMO) que muestren procesos o servicios productivos sustentables.'),(45,'Walmart de México y Centroamérica en colaboración con Socialab.','Podrán participar jóvenes mexicanos menores de 30 años o extranjeros radicados en México.'),(46,'Academia Mexicana de Ciencias (AMC) y Embajada de Suecia.','Estudiantes de cualquier estado de la República de 15 a 20 años de edad (al 31 de mayo de 2017) y que cursen en México secundaria, bachillerato o equivalente. Ningún participante deberá estar cursando estudios de licenciatura.'),(47,'Academia Mexicana de Ciencias (AMC) y Embajada de Suecia.','Estudiantes de cualquier estado de la República de 15 a 20 años de edad (al 31 de mayo de 2017) y que cursen en México secundaria, bachillerato o equivalente. Ningún participante deberá estar cursando estudios de licenciatura. '),(48,'Consejo Nacional de Ciencia y Tecnología (CONACYT) y el Fondo de Cultura Económica (FCE).','Estudiantes de hasta 25 años de edad y profesores en activo, de cualquier nivel. '),(49,'Consejo Nacional de Ciencia y Tecnología (CONACYT) y Foro Consultivo Científico y Tecnológico (FCCYT).','Periodistas, divulgadores nacionales y extranjeros, así como estudiantes de licenciatura o posgrado de instituciones mexicanas de educación superior. '),(50,'Clarke Modet & Co. México, el Consejo Mexiquense de Ciencia y Tecnología (COMECYT) y la Asociación Mexicana de Directivos de la Investigación Aplicada y el Desarrollo Tecnológico (ADIAT).','Periodistas mexicanos y extranjeros que publiquen en medios de comunicación impresos y digitales, interesados en la divulgación de los logros nacionales y estatales en materia de innovación científica y tecnológica. '),(51,'Coordinación de Innovación y Desarrollo (CID) y la Dirección General de Vinculación de la Universidad Nacional Autónoma de México (UNAM).','Académicos de la UNAM que cuenten con solicitudes de patente tramitadas (a través de la CID o por otra dependencia). Las invenciones deberán haber sido desarrolladas en las entidades de la UNAM como parte de la actividad laboral del personal académico de tiempo completo y en cualquier área del conocimiento.'),(52,'El Consejo de Investigación sobre Salud y Cerveza de México, A.C., Consejo Nacional de Ciencia y Tecnología (CONACY) y The Aspen Institute México.','Investigadores y profesionales, tanto de instituciones públicas como privadas del país. Se privilegiará aquellos proyectos que se orienten preferentemente a estudiar aspectos biológicos y/o psicosociales de la cerveza.'),(53,'Fundación UNAM A.C., el Consejo Farmacéutico Mexicano y la Comisión Federal para la Protección contra Riesgos Sanitarios (COFEPRIS). ','Egresados de la Universidad Nacional Autónoma de México. Podrán inscribirse los egresados, nacionales o extranjeros de las áreas de las Ciencias Físico- Matemáticas y de las Ingenierías, así como de las Ciencias Biológicas, Químicas y de la Salud de la UNAM.'),(54,'Cámara Nacional de la Industria Farmacéutica (CANIFARMA) y el Consejo Nacional de Ciencia y Tecnología (CONACYT).','Investigadores que realizan Investigación básica, clínica y tecnológica, sobre medicamentos, dispositivos médicos y desarrollos biotecnológicos de uso humano, mexicanos o extranjeros, residentes en México.'),(55,'Fundación Carlos Slim.','Personas e instituciones dedicadas a la investigación en salud, cuyos trabajos han permitido la generación de soluciones innovadoras para los principales retos en materia de salud pública de la región.'),(56,'Fundación Mexicana para la Salud (Funsalud) y Roche.','Podrán participar los trabajos desarrollados en centros de investigación e instituciones nacionales de salud, públicas o privadas de México. '),(57,'Fundación UNAM A.C., Universidad Nacional Autónoma de México (UNAM) e Instituto Mexicano del Seguro Social (IMSS). ','Estudiantes y egresados, nacionales o extranjeros de las áreas de las Ciencias Biológicas, Químicas y de la Salud de la UNAM y profesionales de la salud del IMSS que laboren en cualquier unidad médica de dicho Instituto.'),(58,'Secretaria de Salud y Consejo de Salubridad General.','A las Instituciones de salud, universidades, establecimientos de educación superior, academias, sociedades científicas, consejos, agrupaciones de profesionales, académicos y profesionistas del área de salud en general, a presentar las candidaturas. '),(59,'Fundación Miguel Alemán Valdés.','Persona de nacionalidad mexicana, no mayor de 40 años de reconocido prestigio profesional, que haya contribuido al conocimiento científico universal, al avance tecnológico o al desarrollo de las ciencias en el campo de la salud.'),(60,'CONACYT, La Industria Mexicana de Coca-Cola y el Instituto de Bebidas para la Salud y el Bienestar de Coca-Cola de México.','Investigadores médicos y biomédicos, que realicen investigación en Instituciones Nacionales, en áreas de Diagnóstico, Prevención, Tratamiento de Etiopatogenia y Epidemiología. Podrán participar médicos cirujanos, químicos, biólogos, químicos farmacobiólogos, parasitólogos, bioquímicos, ingenieros químicos, químicos en alimentos, biomédicos, y licenciados en nutrición o cualquier otro profesional cuya investigación esté vinculada a las ciencias de la salud. '),(61,'Comisión Nacional de Seguridad Social en Salud de la Confederación Patronal de la República Mexicana (COPARMEX).','Persona en lo individual, Organizaciones de la Sociedad Civil, Instituciones Públicas, Instituciones Académicas o de Investigación, Organizaciones o Empresas Nacionales e Internacionales interesadas en postularse como candidato. '),(62,'Asociación Mexicana de Internet A.C. (AMIPCI).','Instituciones públicas y privadas, organizaciones sociales y personas físicas '),(63,'Netmedia Research (se difunde a través de la revista InformationWeek México).','Todas las compañías en México, de todos los tamaños: pequeña, mediana y corporativos. Ningún proveedor de tecnología puede registrar un proyecto o solución.'),(64,'Gobierno del Estado de Baja California y el Consejo Estatal de Ciencia e Innovación Tecnológica (COCIT-BC).','A las dependencias y entidades de la administración pública federal, estatal y municipal, a las universidades e instituciones de educación superior, a los institutos y centros de investigación, academias, asociaciones culturales y científicas, a los colegios y asociaciones de profesionistas, organizaciones privadas, civiles e instituciones y centros vinculados con la actividad científica y tecnológica, así como a organismos productivos, cámaras y núcleos empresariales o individuos que a título personal desean participar, para QUE PROPONGAN a quien o quienes se estime con merecimientos. '),(65,'Centro de Investigaciones Biológicas del Noroeste (CIBNOR), El Consejo Sudcaliforniano de Ciencia y Tecnología (COSCYT) y la Secretaría de Educación Púnlica (SEP) a través de la RED y MILSET.','Niños y jóvenes estudiantes de Baja California Sur interesados en el desarrollo y presentación de trabajos de divulgación, innovación y/o investigación en ciencias exactas, sociales y/o tecnología.'),(66,'Gobierno del estado y Consejo de Ciencia y Tecnología del Estado de Chiapas.','Persona Física o Moral de reconocida solvencia y honorabilidad profesional y prestigio público, chiapaneco radicado en el estado al menos 10 años.'),(67,'Universidad Autónoma de Chihuahua y Consejo Nacional de Ciencia y Tecnología (CONACYT).','Jóvenes estudiantes de IES públicas y privadas del Estado de Chihuahua, cursando los últimos semestres de su licenciatura o ingeniería, así como aquellos que tengan máximo 6 meses de haber egresado.  '),(68,'Consejo de la Comunicación, Samsung México, Dirección General de Educación Secundaria Técnica. ','Podrán participar todos los alumnos de las 119 Escuelas Secundarias Técnicas públicas de 1°, 2° y 3er grado que cursan la asignatura de tecnología.'),(69,'Gobierno de la Ciudad de México, Secretaría de Obras y Servicios y, Sistema de Transporte Colectivo.','A las entidades públicas del Gobierno de la Ciudad de México, a las empresas de los sectores público y privado, a las cámaras industriales, a los colegios y asociaciones de ingenieros, a las asociaciones de técnicos especializados, a las sociedades de egresados de carreras de ingeniería, a las escuelas y facultades de ingeniería, a los centros e institutos de posgrado e investigación, a los estudiantes de ingeniería de nivel posgrado y, en general, a los ingenieros de la Ciudad de México, para que propongan candidatos. '),(70,'El Instituto Tecnológico de la Laguna, Industrias Met-Mex Peñoles, CANIETI y el Instituto Británico de Torreón a través de la RED Nacional de Actividades Juveniles en Ciencia y Tecnología y el Movimiento Internacional para el Recreo Científico y Técnico MILSET.','A todos los jóvenes interesados en el desarrollo y presentación de proyectos científicos y técnicos. '),(71,'Gobierno del Estado de Coahuila, a través del Consejo Estatal de Ciencia y Tecnología de Coahuila (COECYT).','A las Instituciones de Educación Superior, Institutos, Centros de Investigación, Academias y Asociaciones Científicas, a postular candidatas y candidatos.'),(72,'El Gobierno del Estado de Durango, el Instituto Tecnológico de Durango a través de la RED y MILSET-AMLAT.','A todos los niños y jóvenes del estado de Durango interesados en el desarrollo y presentación de proyectos científicos y técnicos. '),(73,'El Consejo Nacional de Ciencia y Tecnología (CONACYT) y el Consejo de Ciencia y Tecnología del Estado de Durango (COCYTED). ','Jóvenes inscritos en instituciones educativas cuya edad se encuentre entre los 14 años y hasta aquéllos que hayan cumplido los 22 años al 25 de julio de 2017.'),(74,'El Gobierno del Estado de Durango, la Secretaría de Educación del Estado de Durango y el Consejo de Ciencia y Tecnología del Estado de Durango.','A las Instituciones de Educación Superior, Centros de Investigación, Empresas, Instancias de Gobierno y Organizaciones No Gubernamentales del Estado de Durango, A PRESENTAR CANDIDATOS.'),(75,'Universidad Autónoma del Estado de México.',' Alumnos de nivel medio superior inscritos en alguno de los Planteles de la Escuela Preparatoria, así como alumnos de licenciatura, posgrado o\negresados con menos de un año de haber concluido sus estudios, pertenecientes a Organismos Académicos, Centros Universitarios, Unidades Académicas Profesionales y  Centros de Investigación de la Universidad Autónoma del Estado de México. '),(76,'Gobierno del Estado a través del Consejo Mexiquense de Ciencia y Tecnología (COMECYT).','A estudiantes inscritos en instituciones educativas de niveles: básico (secundaria), medio superior y superior, públicas o privadas, establecidas en el Estado de México. '),(77,'Consejo Mexiquense de Ciencia y Tecnología (COMECYT) y Gobierno del Estado de México.','A las universidades e instituciones de educación superior, a los institutos y centros de investigación, a las academias y asociaciones científicas, a los colegios y asociaciones de profesionistas, a las organizaciones empresariales, a investigadores, tecnólogos y a la sociedad mexiquense en general A REGISTRAR AL CANDIDATO O CANDIDATOS.'),(78,'Consejo Mexiquense de Ciencia y Tecnología (COMECYT) y Gobierno del Estado de México.','A los estudiantes mexiquenses inscritos en instituciones de educación superior públicas y privadas establecidas en el Estado de México,  que de manera individual o grupal hayan realizado proyectos orientados a la mejora de productos, procesos, servicios organizativos y de mercado, los cuales posean un contenido significativo de desarrollo tecnológico e innovación para la entidad.'),(79,'Universidad de Guanajuato.','Podrán participar todos los alumnos ordinarios inscritos en la Universidad de Guanajuato durante la vigencia de la convocatoria. '),(80,'Secretaria de Innovación, Ciencia y Educación Superior.','Empresarios, investigadores y estudiantes de nivel licenciatura y posgrado del Estado de Guanajuato. '),(81,'Consejo Nacional de Ciencia y Tecnología (CONACYT) y el Consejo de Ciencia, Tecnología e Innovación de Hidalgo (CITNOVA). ',' Jóvenes inscritos en instituciones educativas cuya edad se encuentre entre los 14 años y hasta aquellos que hayan cumplido los 22 años al 25 de Julio de 2017. '),(82,'El Gobierno del Estado de Hidalgo a través del Consejo de Ciencia, Tecnología e Innovación de Hidalgo (CITNOVA).','A la comunidad científica, tecnológica, innovadora y al público en general del Estado de Hidalgo a presentar proyectos.'),(83,'Sociedad Latinoamericana de Ciencia y Tecnología (SOLACYT) a través de Código Ciencia y con el Aval de MILSET-AMLAT, La RED, elCONACYT, La UPAEP y la Organización Iberoamericana de Ciencias.','Los investigadores infantiles y juveniles de los Estados de Colima y Jalisco (tener entre 5 y 24 años de edad). '),(84,'Confederación Patronal de la República Mexicana (COPARMEX) Jalisco.','Podrán participar emprendedores con idea de negocio o proyectos con un máximo de 2 años en operación. '),(85,'Gobierno del estado de Jalisco por conducto de la Secretaria de Ciencia y Tecnología (SICYT Jalisco). ','A la comunidad científica y tecnológica y al público en general del Estado de Jalisco a presentar candidatos alumnos, científicos, empresarios, tecnólogos y público en general que de manera individual o en equipo.'),(86,'MILSET-AMLAT, La RED, CONACYT, el Instituto Antonio Plancarte, Agile Academy, Vita Solum, Educare Play, Banana, Mexicanos primero Capítulo Michoacán, El SITEM, CIEM, Fomento Cultural Mundinovi A.C. y la Secretaría de Innovación Ciencia y Desarrollo Tecnológico del Estado de Michoacán.','Estudiantes de Michoacán interesados en el desarrollo y presentación de proyectos científico-tecnológicos. '),(87,'Secretaría de Innovación, Ciencia y Desarrollo Tecnológico (SICDET).','A las instituciones de Educación Superior, Públicas y Privadas, Centros de Investigación, Colegios de Profesionistas, Cámaras Empresariales, Asociaciones Civiles, Organismos No Gubernamentales y Dependencias Federales, Estatales y Municipales a PROPONER CANDIDATURAS. '),(88,'Secretaría de Innovación, Ciencia y Tecnología del Estado de Morelos. ','A las Instituciones de Educación Superior, a los Institutos y Centros de Investigación, Empresas, y Organismos vinculados con la actividad Científica y Tecnológica a PRESENTAR CANDIDATOS (científicos o tecnólogos).'),(89,'Universidad Autónoma de Nuevo León (UANL).','Todos los profesores, alumnos y personal académico de la Universidad Autónoma de Nuevo León, se les invita a participar, de manera individual o por equipos. '),(90,'Gobierno de Puebla, Consejo Nacional de Ciencia y Tecnología (CONACYT) y el Consejo de Ciencia y Tecnología del Estado de Puebla (CONCYTEP).','A los jóvenes que se encuentren estudiando a partir del sexto semestre de licenciatura o ingeniería, así como profesionistas que tengan máximo seis meses de haber concluido sus estudios (pasantes o titulados), que estén interesados en la investigación y desarrollo de una actividad científica, tecnológica e innovadora, tendiente a elevar el nivel de competitividad de los sectores académico y productivo del Estado de Puebla.'),(91,'La Universidad Tecnológica de Oriental (UTO) y la Universidad Popular Autónoma del Estado de Puebla (UPAEP), a través de La RED, MILSET AMLAT, el Consejo de Ciencia y Tecnología del Estado de Puebla (CONCYTEP) y el CONACYT.','A todos los niños y jóvenes que estudian en una institución del Estado de Puebla interesados en el desarrollo y presentación de proyectos científicos y técnicos. '),(92,'Consejo de Ciencia y Tecnología del Estado de Puebla (CONCYTEP). ','A Instituciones de Educación, Centros de Investigación, Dependencias, Empresas y Organizaciones Sociales del Estado de Puebla, a PRESENTAR LA CANDIDATURA de científicos y científicas, investigadores e investigadoras, tecnólogos y tecnólogas para ser acreedores a la Presea. '),(93,'La Secretaría de Educación y Cultura de Quintana Roo, Honorable Municipio de Othón P. Blanco, en colaboración con la Universidad Vizcaya de las Américas Campus Chetumal, Universidad de Quintana Roo, Instituto Tecnológico de Chetumal, Universidad Tecnológica de Chetumal, Colegio de la Frontera Sur ECOSUR, Fab Lab Maya, Centro Universitario Anglo Mexicano, Colegio Nacional de Educación Profesional Técnica de Q. Roo, Colegio de Bachilleres de Quintana Roo, Colegio de Estudios Científicos y Tecnológicos de Q.Roo, Esc. Part. Centro de Enseñanza Moderna, Esc. Part. Colegio Latino, Esc. Part. Instituto Wozniak, Academia Deportivizada Agharta y la UPAEP, la RED y el respaldo de MILSET-AMLAT y el CONACYT.','A todos los niños y jóvenes interesados en el desarrollo y presentación de proyectos científicos y técnicos. '),(94,'Gobierno del Estado de Quintana Roo a través del Consejo Quintanarroense de Ciencia y Tecnología (COQCyT).','Personas físicas, empresas, organizaciones sociales, instituciones de educación media superior y superior y centros de investigación del estado de Quintana Roo A PRESENTAR CANDIDATOS.  Investigadores o grupos de investigación, personas físicas o morales, alumnos de licenciatura o maestría, estudiantes de nivel medio superior o superior.'),(95,'Gobierno del Estado de San Luis Potosí, a través de la Secretaría de Cultura.','Potosinos de ambos sexos, así como mexicanos y  extranjeros mayores de 18 años que demuestren una residencia consecutiva y mínima comprobable de tres años hasta el cierre de la convocatoria.'),(96,'Gobierno del Estado de San Luis Potosí, a través del Instituto Potosino de la Juventud.','Las dependencias y entidades de la Administración Pública Estatal; a los Ayuntamientos del Estado de San Luis Potosí; a las autoridades tradicionales; a las organizaciones obreras, indígenas, campesinas, populares y empresariales; a las instituciones educativas; a las Instituciones y Asociaciones de Servicio Social; a los colegios y asociaciones de profesionistas; a las instituciones que contribuyen a la formación de nuevas generaciones de mexicanos y, en general, a todas las personas físicas y morales, para que propongan al Consejo de Premiación a las personas físicas consideradas individualmente o en grupo, o a las personas morales que estimen con merecimientos para recibir el Premio. Para ser candidato al Premio Estatal de la juventud 2016 en cualquiera de las distinciones, se requiere ser mexicano con 2 años de residencia en el Estado de San Luis Potosí, cuya edad esté comprendida entre los 12 y los 29 años. '),(97,'El Instituto Tecnológico Superior de Sinaloa ITESUS, La Universidad Politécnica de Sinaloa (UPSIN), PROMOTUR, Mazatlán International Center, a través de La RED y MILSET-AMLAT.','Todos los jóvenes interesados en el desarrollo y presentación de proyectos científicos y técnicos. '),(98,'Gobierno del Estado de Sinaloa e Instituto de Apoyo a la Investigación e Innovación (INAPI).','Las universidades e instituciones de educación superior, a los institutos y centros de investigación, a las academias y asociaciones científicas, a los colegios y asociaciones de profesionistas, a las organizaciones empresariales, a investigadores, tecnólogos y, en general a la sociedad sinaloense, a REGISTRAR al candidato o candidatos. Investigadores, tecnólogos, personas físicas o morales con actividad empresarial. '),(99,'El Gobierno del Estado de Tabasco, a través del Consejo de Ciencia y Tecnología del Estado de Tabasco (CCYTET), la Universidad Juárez Autónoma de Tabasco (UJAT), MILSET-AMLAT, la RED), y el Consejo Nacional de Ciencia y Tecnología (CONACYT).',' Niños y jóvenes inscritos en escuelas del estado de Tabasco,\ninteresados en proponer y presentar proyectos científicos,\ntecnológicos, divulgativos o de innovación '),(100,'Gobierno del Estado de Tabasco y el Instituto de la Juventud de Tabasco.','A todos los jóvenes entre 12 y 29 años de edad, nacidos en Tabasco y a aquellos que tienen al menos 5 años de residir en este estado. '),(101,'Gobierno del Estado de Tamaulipas a través del Consejo Tamaulipeco de Ciencia y Tecnología (COTACYT).','Todos los mexicanos que residan permanente o temporalmente en el territorio tamaulipeco, sin distinción de edad, sexo o lugar de nacimiento, así como los tamaulipecos que residan en forma temporal en otro estado o país.'),(102,'El Gobierno del Estado de Yucatán y Consejo de Ciencia, Innovación y Tecnología del Estado de Yucatán (CONCIYTEY).','Estudiantes regulares que se encuentren cursando sus estudios en los niveles de secundaria, bachillerato, técnico superior o licenciatura de escuelas públicas y privadas del Estado.'),(103,'Asociación Americana para el Avance de la Ciencia (AAAS).','Científicos e ingenieros activos que realicen su investigación en cualquier disciplina científica en la academia, gobierno o industria. '),(104,'The Franklin Institute.','Individuos (vivos) cuyo trabajo haya impactado significativamente su campo científico. '),(105,'Fundación BBVA y el Consejo Superior de Investigaciones Científicas (CSIC) de España.','Los candidatos serán una o más personas físicas de cualquier nacionalidad, sin límite de número cuando hayan realizado aportaciones convergentes en un determinado avance, bien a través de colaboración formal entre ellas (formando parte de uno o más equipos), bien de manera paralela. En el caso de las categorías 7 y 8, podrán también ser candidatas agencias y organizaciones públicas o privadas (en este último caso, sin ánimo de lucro). '),(106,'Falling Walls Foundation.','Estudiantes, investigadores y científicos (maestría, doctorado y posdoctorado). Emprendedores, ingenieros y jóvenes profesionales. Innovadores en todas las áreas. Los participantes deberán tener más de 18 años.'),(107,'Google, LEGO Education, National Geographic, Scientific American y Virgin Galactic. ','Alumnos de todo el mundo entre 13 y 18 años, ya sea de forma individual o en equipo.'),(108,'INTEL Corporation.','Estudiantes de 9 a 12 grado o equivalente, menores de 20 años, y seleccionado por una feria afiliada (como la Feria Mexicana de Ciencias e Ingeniería).'),(109,'MIT Technology Review, Banco Interamericano de Desarrollo (BID), BBVA, Fab Lab Barcelona y Pipedrive.','Los candidatos deben ser mexicanos menores a 35 años, pueden provenir de universidades, ser fundadores de pequeñas empresas, empleados en grandes compañías o instituciones gubernamentales, o instituciones sin fines de lucro. '),(110,'Fundación L’Oréal y UNESCO','Investigadoras científicas sobresalientes nominadas por escrito por científicos eminentes, a través de la plataforma en línea.'),(111,'Muestra Internacional de Ciencias y Tecnologías. Servidores de la Fundação Liberato, padres y alumnos voluntarios.','Alumnos de secundaria o nivel medio superior entre 14 y 21 años acreditados por una feria afiliada (ExpoCiencias o Infomatix Latinamérica, por ejemplo) o individualmente vía proceso de selección.'),(112,'Fundación Princesa de Asturias. ','Personas, instituciones, grupos de personas o de instituciones en el ámbito internacional. '),(113,'La Comisión Nacional Peruana de Cooperación con la UNESCO (COMIUNESCO)','Escritores, directores de publicaciones, conferenciantes, directores de programas de radio o de televisión o productores de películas, que hayan dedicado su carrera a poner la ciencia, la investigación y la tecnología al alcance del público en general. Los candidatos son presentados por su gobierno a través de la Comisión Nacional para la UNESCO del país.'),(114,'La Sociedad Latinoamericana de Ciencia y Tecnología Aplicada A.C. (SOLACYT) con el aval del Movimiento Internacional para el Recreo Científico y Técnico en Latinoamérica (MILSET), La Red Nacional de Actividades Juveniles en Ciencia y Tecnología (RED), el International Informatics Project Competitions y la Organización Iberoamericana de Ciencias.','Todos los estudiantes de Latinoamérica, desde preescolar hasta universidad, entre 6 y 25 años. '),(115,'Sabri Ülker Food Research Foundation.','Investigadores de cualquier nacionalidad, menores de 45 años en etapas iniciales de su carrera académica.'),(116,'El Consejo Nacional de Ciencia y Tecnología (CONACYT) y el Instituto de Apoyo a la Investigación e Innovación (INAPI).','Podrán participar todos los jóvenes inscritos en instituciones educativas cuya edad se encuentre entre los 14 años y los 22 años al 25 de Julio de 2017.'),(117,'El Consejo Nacional de Ciencia y Tecnología (CONACYT) y el Consejo de Ciencia y Tecnología del Estado de Puebla (CONCYTEP).','A estudiantes poblanos interesados en el desarrollo de proyectos científicos o tecnológicos.'),(118,'Comité Interinstitucional de Investigación en Salud.','Profesionales de los sectores público y privado de la salud; a investigadores, profesores y estudiantes de las instituciones de educación superior y a quienes integran colegios y sociedades afines. '),(119,'Centro de Investigación y de Estudios Avanzados (CINVESTAV).','Graduados de doctorado del año 2015'),(120,'Cámara de Diputados LXIII Legislatura y Centro de Estudios Sociales y de opinión Pública.','Todos los interesados en contribuir al conocimiento para el desarrollo social, regional y sustentable del país o a la construcción de políticas públicas de alcance\nnacional. '),(121,'Academia de Ingeniería y Fundación UNAM A.C.','Estudiantes de las instituciones de educación superior del país, menores de 32 años.'),(122,'El Consejo Nacional de Ciencia y Tecnología (CONACYT) y el Consejo Estatal de Ciencia y Tecnología (COECYT).','Podrán participar todos los jóvenes inscritos en instituciones educativas públicas y privadas del Estado de Coahuila, en tres categorías, de acuerdo a niveles educativos de secundaria, preparatoria y educación superior.'),(123,'El Consejo Nacional de Ciencia y Tecnología (CONACYT) y el Consejo Veracruzano de Investigación Científica y Desarrollo Tecnológico (COVEICYDET).','Podrán participar todos los jóvenes inscritos en instituciones educativas cuya edad se encuentre entre los 14 años y hasta aquéllos que hayan cumplido los 22 años al 25 de Julio de 2017.'),(124,'El Consejo Nacional de Ciencia y Tecnología (CONACYT) a través del Consejo Zacatecano de Ciencia, Tecnología e Innovación (COZCYT).','Estudiantes que culminen bachillerato este verano con calificación igual o mayor a 9.0 (90%) obtenida en el semestre agosto-diciembre de 2016 en las dos materias del área que hayan seleccionado.'),(125,'Consejo de Ciencia y Tecnología del Estado de Querétaro (CONCYTEQ).','Los candidatos deben tener residencia con antigüedad mínima de quince años deberán residir en el Estado de Querétaro  de quince años. Tener como mínimo el grado de Doctor en cualquier área del conocimiento. Estar laborando o haber laborado, y contar con una antigüedad mínima de 15 años, en alguna Institución con domicilio en el Estado de Querétaro.'),(126,'La Sociedad Latinoamericana de Ciencia y Tecnología (SOLACYT) en coordinación con el Colegio de Estudios Científicos y Tecnológicos del Estado de Guanajuato, a través de Código Ciencia y con el Aval de MILSET-AMLAT, La RED, CONACYT,  La UPAEP y la Organización Iberoamericana de Ciencias.','Estudiantes infantiles y juveniles, estudiantes de algún nivel educativo: Preescolar, Primaria, Secundaria, Medio Superior o Superior (Universidad).'),(127,'El Instituto de Innovación y Transferencia de Tecnología de Nuevo León, a través de MILSET-AMLAT, La RED, CONACYT,  La UPAEP, con el apoyo de la Universidad\nde Montemorelos y de la Secretaría de Educación del Estado de Nuevo León.','Niños y jóvenes que estudien en una institución del Estado de Nuevo León.'),(128,'El Instituto Politécnico Nacional a través de la Escuela Superior de Ingeniería Mecánica y Eléctrica Unidad Culhuacan y la RED, MILSET-AMLAT.','Todos los niños y jóvenesde la Ciudad de México interesados en el desarrollo y presentación de trabajos de divulgación, innovación y/o investigación en ciencias exactas, en ciencias sociales y/o tecnología.'),(129,'El Colegio Americano de Xalapa en coordinación con el MILSET-AMLAT y la RED, el CONACYT y la UPAEP.','Niños y jóvenes inscritos en alguna institución educativa de nivel básico, medio superior o superior, de escuelas públicas o privadas localizadas en el Estado de Veracruz.'),(130,'La Sociedad Científica Francisco Javier Estrada, MILSET-AMLAT y la RED, con el apoyo de la Universidad Autónoma de San Luis Potosí.','A estudiantes y profesores de preescolar, primaria, secundaria, preparatoria y profesional.'),(131,'El Centro de Bachillerato Tecnológico Agropecuario No. 134 de Tetlanohcan, Tlaxcala, en colaboración con MILSET-AMLAT y la RED, el CONACYT y la UPAEP.','A todos los alumnos regulares inscritos en alguna institución educativa oficial del estado.'),(132,'El Gobierno del Estado de Tamaulipas y el Consejo Tamaulipeco de Ciencia y Tecnología (COTACYT), en colaboración con CONACYT, ExpoCiencias Nacional, la Universidad Tecnológica de Nuevo Laredo, la Universidad Tecnológica de Tamaulipas Norte, Universidad Tecnológica de Matamoros, CBTIS 119, ITSM y ITCM.','Todos los mexicanos que residen en territorio tamaulipeco. Los estudiantes deben participar representando a la institución educativa en la que están inscritos.'),(133,'La Asociación de Ciencia y Tecnología de Nayarit ACTEN A.C., La Universidad Vizcaya de las Américas, el Instituto Tecnológico de Tepic y La Universidad Autónoma de Nayarit a través de la RED con el respaldo de MILSET-AMLAT.','A todos los niños y jóvenes que estudien en una institución del Estado de Nayarit.'),(134,'Jóvenes Emprendedores de Hidalgo, A.C., el Gobierno del Estado de Hidalgo, la RED, MILSET AMLAT y el Consejo Nacional de Ciencia y Tecnología (CONACyT). ','A todos los Jóvenes Emprendedores interesados en el desarrollo y presentación de proyectos científicos y técnicos.'),(135,'La Universidad de Sonora (Unison), a través de La RED, con el respaldo de MILSET-AMLAT, la UPAEP, el COECYT, la Secretaria de Educación y Cultura (SEC), y el\nInstituto Sonorense de la Juventud (ISJ).','A todos los niños y jóvenes que estudien y estén inscritos en escuelas del estado de Sonora.');
/*!40000 ALTER TABLE `grid_sponsor` ENABLE KEYS */;
UNLOCK TABLES;

--
-- Table structure for table `grid_status`
--

DROP TABLE IF EXISTS `grid_status`;
/*!40101 SET @saved_cs_client     = @@character_set_client */;
/*!40101 SET character_set_client = utf8 */;
CREATE TABLE `grid_status` (
  `status_id` int(11) NOT NULL AUTO_INCREMENT,
  `status_name` varchar(100) COLLATE utf8_unicode_ci DEFAULT NULL,
  PRIMARY KEY (`status_id`)
) ENGINE=InnoDB AUTO_INCREMENT=3 DEFAULT CHARSET=utf8 COLLATE=utf8_unicode_ci;
/*!40101 SET character_set_client = @saved_cs_client */;

--
-- Dumping data for table `grid_status`
--

LOCK TABLES `grid_status` WRITE;
/*!40000 ALTER TABLE `grid_status` DISABLE KEYS */;
INSERT INTO `grid_status` VALUES (1,'Activo'),(2,'Vencido');
/*!40000 ALTER TABLE `grid_status` ENABLE KEYS */;
UNLOCK TABLES;

--
-- Table structure for table `grid_topic`
--

DROP TABLE IF EXISTS `grid_topic`;
/*!40101 SET @saved_cs_client     = @@character_set_client */;
/*!40101 SET character_set_client = utf8 */;
CREATE TABLE `grid_topic` (
  `topic_id` int(11) NOT NULL AUTO_INCREMENT,
  `topic_name` varchar(250) COLLATE utf8_unicode_ci DEFAULT NULL,
  PRIMARY KEY (`topic_id`)
) ENGINE=InnoDB AUTO_INCREMENT=43 DEFAULT CHARSET=utf8 COLLATE=utf8_unicode_ci;
/*!40101 SET character_set_client = @saved_cs_client */;

--
-- Dumping data for table `grid_topic`
--

LOCK TABLES `grid_topic` WRITE;
/*!40000 ALTER TABLE `grid_topic` DISABLE KEYS */;
INSERT INTO `grid_topic` VALUES (1,'Alimentos y bebidas'),(2,'Ciencias exactas'),(3,'Ciencias naturales'),(4,'Ciencias sociales'),(5,'Tecnología'),(6,'Innovación'),(7,'Humanidades'),(8,'Ingeniería y Tecnología'),(9,'Investigación básica'),(10,'Investigación aplicada'),(11,'Desarrollo Tecnológico'),(12,'Ciencia y Tecnología con sentido humano'),(13,'Ciencia, Tecnología e Innovación'),(14,'Emprendimiento'),(15,'Trayectoria científica y académica'),(16,'Biotecnología'),(17,'Creatividad tecnológica'),(18,'Concurso de conocimientos'),(19,'Prototipos'),(20,'Ciencia y Tecnología'),(21,'Ciencias e Ingeniería'),(22,'Agua'),(23,'Cambio Climático'),(24,'Educación'),(25,'Energía'),(26,'Medio Ambiente y recursos naturales'),(27,'Investigación Espacial'),(28,'Migración'),(29,'Salud, medicina y fármacos'),(30,'Seguridad Alimentaria'),(31,'Emprendimiento e innovación social'),(32,'Periodismo y divulgación científica'),(33,'Propiedad Intelectual'),(34,'Tecnologías de la Información y Comunicación'),(35,'Investigación'),(36,'Creatividad e innovación'),(37,'Ciencias'),(38,'Ciencias y artes'),(39,'Ciencias de la vida'),(40,'Ciencias físicas'),(41,'Cómputo, ciencia y tecnología'),(42,'Solución a un problema nacional');
/*!40000 ALTER TABLE `grid_topic` ENABLE KEYS */;
UNLOCK TABLES;

--
-- Table structure for table `users`
--

DROP TABLE IF EXISTS `users`;
/*!40101 SET @saved_cs_client     = @@character_set_client */;
/*!40101 SET character_set_client = utf8 */;
CREATE TABLE `users` (
  `id` int(10) unsigned NOT NULL,
  `name` varchar(100) COLLATE utf8_unicode_ci DEFAULT NULL,
  `email` varchar(100) COLLATE utf8_unicode_ci DEFAULT NULL,
  `password` varchar(255) COLLATE utf8_unicode_ci DEFAULT NULL,
  `updated_at` datetime DEFAULT NULL,
  `created_at` datetime DEFAULT NULL,
  `remember_token` varchar(255) COLLATE utf8_unicode_ci DEFAULT NULL,
  PRIMARY KEY (`id`),
  UNIQUE KEY `email_UNIQUE` (`email`)
) ENGINE=InnoDB DEFAULT CHARSET=utf8 COLLATE=utf8_unicode_ci;
/*!40101 SET character_set_client = @saved_cs_client */;

--
-- Dumping data for table `users`
--

LOCK TABLES `users` WRITE;
/*!40000 ALTER TABLE `users` DISABLE KEYS */;
INSERT INTO `users` VALUES (1,'Pablo Tapia','pablo@45rpm.co','$2y$10$mI0QW09Cyxm0JqakTlCt1OVKZs.YO2wpDwQ5m4j7WzGL868Ezh/OK','2017-11-08 06:11:17','2017-11-08 06:11:17','l2XoVju4x5LXnYhyLfnmgrCgst1SX9oV7nx52otwmR0nNx2mPl6HotwLTM7F');
/*!40000 ALTER TABLE `users` ENABLE KEYS */;
UNLOCK TABLES;
/*!40103 SET TIME_ZONE=@OLD_TIME_ZONE */;

/*!40101 SET SQL_MODE=@OLD_SQL_MODE */;
/*!40014 SET FOREIGN_KEY_CHECKS=@OLD_FOREIGN_KEY_CHECKS */;
/*!40014 SET UNIQUE_CHECKS=@OLD_UNIQUE_CHECKS */;
/*!40101 SET CHARACTER_SET_CLIENT=@OLD_CHARACTER_SET_CLIENT */;
/*!40101 SET CHARACTER_SET_RESULTS=@OLD_CHARACTER_SET_RESULTS */;
/*!40101 SET COLLATION_CONNECTION=@OLD_COLLATION_CONNECTION */;
/*!40111 SET SQL_NOTES=@OLD_SQL_NOTES */;

-- Dump completed on 2017-11-09  1:00:29
