-- MySQL dump 10.13  Distrib 5.7.17, for Win64 (x86_64)
--
-- Host: 192.168.10.10    Database: php-grid-site
-- ------------------------------------------------------
-- Server version	5.7.12

/*!40101 SET @OLD_CHARACTER_SET_CLIENT=@@CHARACTER_SET_CLIENT */;
/*!40101 SET @OLD_CHARACTER_SET_RESULTS=@@CHARACTER_SET_RESULTS */;
/*!40101 SET @OLD_COLLATION_CONNECTION=@@COLLATION_CONNECTION */;
/*!40101 SET NAMES utf8 */;
/*!40103 SET @OLD_TIME_ZONE=@@TIME_ZONE */;
/*!40103 SET TIME_ZONE='+00:00' */;
/*!40014 SET @OLD_UNIQUE_CHECKS=@@UNIQUE_CHECKS, UNIQUE_CHECKS=0 */;
/*!40014 SET @OLD_FOREIGN_KEY_CHECKS=@@FOREIGN_KEY_CHECKS, FOREIGN_KEY_CHECKS=0 */;
/*!40101 SET @OLD_SQL_MODE=@@SQL_MODE, SQL_MODE='NO_AUTO_VALUE_ON_ZERO' */;
/*!40111 SET @OLD_SQL_NOTES=@@SQL_NOTES, SQL_NOTES=0 */;

--
-- Table structure for table `grid_categories`
--

DROP TABLE IF EXISTS `grid_categories`;
/*!40101 SET @saved_cs_client     = @@character_set_client */;
/*!40101 SET character_set_client = utf8 */;
CREATE TABLE `grid_categories` (
  `category_id` int(11) NOT NULL AUTO_INCREMENT,
  `category_name` varchar(250) COLLATE utf8_unicode_ci DEFAULT NULL,
  PRIMARY KEY (`category_id`)
) ENGINE=InnoDB AUTO_INCREMENT=41 DEFAULT CHARSET=utf8 COLLATE=utf8_unicode_ci;
/*!40101 SET character_set_client = @saved_cs_client */;

--
-- Dumping data for table `grid_categories`
--

LOCK TABLES `grid_categories` WRITE;
/*!40000 ALTER TABLE `grid_categories` DISABLE KEYS */;
INSERT INTO `grid_categories` VALUES (1,'Alimentos y bebidas'),(2,'Aportaciones científicas, trayectoria, investigación científica y tecnológica'),(3,'Biotecnología'),(4,'Ciencias sociales'),(5,'Creatividad, interés y aprendizaje científico, comprensión y aplicación de la ciencia'),(6,'Emprendimiento'),(7,'Emprendimiento e innovación social'),(8,'Innovación'),(9,'Medio ambiente y recursos naturales'),(10,'Periodismo y divulgación científica'),(11,'Propiedad Intelectual'),(12,'Salud, medicina y fármacos'),(13,'Tecnologías de la Información y Comunicación'),(14,'Baja California'),(15,'Baja California Sur'),(16,'Chiapas'),(17,'Chihuahua'),(18,'Ciudad de México '),(19,'Coahuila '),(20,'Durango'),(21,'Estado de México'),(22,'Guanajuato'),(23,'Hidalgo'),(24,'Jalisco'),(25,'Michoacán'),(26,'Morelos'),(27,'Nayarit'),(28,'Nuevo León'),(29,'Oaxaca'),(30,'Puebla'),(31,'Queretaro'),(32,'Quintana Roo   '),(33,'Sinaloa'),(34,'Tabasco'),(35,'Tamaulipas'),(36,'Yucatán'),(37,'Internacionales'),(38,'Tlaxcala'),(39,'Sonora'),(40,'San Luis Potosí');
/*!40000 ALTER TABLE `grid_categories` ENABLE KEYS */;
UNLOCK TABLES;

--
-- Table structure for table `grid_events`
--

DROP TABLE IF EXISTS `grid_events`;
/*!40101 SET @saved_cs_client     = @@character_set_client */;
/*!40101 SET character_set_client = utf8 */;
CREATE TABLE `grid_events` (
  `number` int(10) unsigned NOT NULL AUTO_INCREMENT,
  `name` varchar(255) COLLATE utf8_unicode_ci DEFAULT NULL,
  `price` mediumtext COLLATE utf8_unicode_ci,
  `web_page` varchar(255) COLLATE utf8_unicode_ci DEFAULT NULL,
  `end_date` mediumtext COLLATE utf8_unicode_ci,
  `probable_date` date DEFAULT NULL,
  `for` mediumtext COLLATE utf8_unicode_ci,
  `convener` mediumtext COLLATE utf8_unicode_ci,
  `purpose` mediumtext COLLATE utf8_unicode_ci,
  `category` int(10) DEFAULT NULL,
  `status` int(11) DEFAULT NULL,
  `situation` int(10) DEFAULT NULL,
  PRIMARY KEY (`number`),
  KEY `event_name` (`name`),
  KEY `status_id_idx` (`status`),
  KEY `category_id_idx` (`category`),
  KEY `situation_id_idx` (`situation`),
  CONSTRAINT `category_id` FOREIGN KEY (`category`) REFERENCES `grid_categories` (`category_id`) ON DELETE SET NULL ON UPDATE NO ACTION,
  CONSTRAINT `situation_id` FOREIGN KEY (`situation`) REFERENCES `grid_situations` (`situation_id`) ON DELETE SET NULL ON UPDATE NO ACTION,
  CONSTRAINT `status_id` FOREIGN KEY (`status`) REFERENCES `grid_status` (`status_id`) ON DELETE SET NULL ON UPDATE NO ACTION
) ENGINE=InnoDB AUTO_INCREMENT=123 DEFAULT CHARSET=utf8 COLLATE=utf8_unicode_ci;
/*!40101 SET character_set_client = @saved_cs_client */;

--
-- Dumping data for table `grid_events`
--

LOCK TABLES `grid_events` WRITE;
/*!40000 ALTER TABLE `grid_events` DISABLE KEYS */;
INSERT INTO `grid_events` VALUES (1,'Premio Nacional en Ciencia y Tecnología de Alimentos 2017','Categoría estudiantil: $100,000 M.N. y reconocimiento. Categoría Profesional en Ciencia de Alimentos: $250,000 M.N. y reconocimiento.  Categoría Profesional en Tecnología de Alimentos: $250,000 M.N. y reconocimiento. • Categoría Profesional en Investigación en alimentos y su impacto en la nutrición: $250,000 M.N. y reconocimiento. • Premio Nacional al Mérito en Ciencia y Tecnología de Alimentos: $280,000 M.N. y reconocimiento. ','https://secure.pncta.com.mx/ssldocs/site/convocatoria.jsp','30 de junio de 2017','2018-05-30','Estudiantes y profesionales que hayan realizado investigaciones y estudios en el país sobre ciencia y tecnología de alimentos y bebidas exclusivamente para consumo humano. ','Coca-Cola y Consejo Nacional de Ciencia y Tecnología (CONACYT).','Premiar la calidad de los trabajos de quienes se dedican a la investigación de la Ciencia y la Tecnología de Alimentos y Bebidas en México',1,1,1),(2,'Premio Heberto Castillo','Diploma, medalla de oro y cheque por $500,000 M.N','http://www.seciti.cdmx.gob.mx/comunicacion/nota/boletin-016-emiten-convocatoria-del-premio-heberto-castillo-de-la-cdmx-2016-por-una-ciudad-conciencia','09 de septiembre de 2016','2017-06-20','A las instituciones de educación superior, centros de investigación, empresas, laboratorios, a la comunidad científica y tecnológica y a la sociedad en general A SOMETER CANDIDATURAS para reconocer a personas físicas de nacionalidad mexicana o extranjera adscritos a algún organismo nacional. ','Gobierno del DF y Secretaria de Ciencia, Tecnología e Innovación de la Ciudad de México.','Reconocer las invaluables aportaciones realizadas por científicas y científicos mexicanos y/o extranjeros residentes en México, en las áreas de ciencias exactas, ciencias naturales, tecnología, innovación y ciencias sociales. ',2,2,2),(3,'Premio de Investigación 2016 para científicos jóvenes','Diploma y $ 120,000 M.N. al mejor candidato en cada una de las áreas de Ciencias Exactas, Humanidades, Ciencias Naturales, Ciencias Sociales, así como en el área de Ingeniería y Tecnología. ','http://amc.edu.mx/amc/index.php?option=com_content&view=article&id=493&catid=39&Itemid=80','26 de mayo de 2017','2017-04-27','Podrá concursar cualquier científico que haya investigado en México en los últimos años en alguna institución acreditada y que no haya cumplido, en el caso de los hombres 40 años y para las mujeres 43 años al 31 de mayo de 2016','Academia Mexicana de Ciencias (AMC).','No disponible',2,1,1),(4,'Premio a la Investigación en el IPN','Estímulo económico y diploma.','http://148.204.122.250/boletin/?p=5230','09 de noviembre de 2015','2017-10-09','Se otorga a personal académico del Instituto que contribuye con destacadas investigaciones a incrementar el conocimiento científico y el desarrollo tecnológico. Esta convocatoria premia investigaciones derivadas de un proyecto de investigación, no premia la trayectoria de investigación del proponente. ','Instituto Politécnico Nacional (IPN).','No disponible',2,2,2),(5,'Premio Luis Elizondo','Presea institucional, diploma y $200,000 M.N. (para ésta categoría).','http://www.anuies.mx/media/docs/avisos/pdf/170111163709Convocatoria+PLE+2017-5B1-5D.pdf','30 de abril de 2017','2017-03-30','Se otorga solo a personas físicas. Los candidatos deberán ser propuestos por rectores y directivos de escuelas o campus, presidentes y directores de instituciones o asociaciones profesionales, científicas y de investigación del país, así como personas que hayan obtenido anteriormente el Premio Luis Elizondo en la categoría Científico y Tecnológico al Sentido Humano. No se aceptan auto nominaciones. Cuando el trabajo haya sido desarrollado conjuntamente, el Premio podrá ser compartido hasta por tres personas.','Tecnológico de Monterrey','Categoría Científico Tecnológica al Sentido Humanitario. Su finalidad es reconocer a las personas físicas que hayan contribuido en mejorar la calidad de vida de la humanidad, por la realización de investigaciones y trabajos científicos o educativos que representen progreso en la ciencia o en la técnica, o por haber creado nuevos sistemas, hecho descubrimientos o logrado avances para mejorar las condiciones de vida de la humanidad.',2,1,1),(6,'Premio Nacional de Ciencias 2017','Medalla de oro ley 0.900, una entrega en numerario por $100,000 M.N., y un diploma firmado por el Presidente de la República. ','http://www.gob.mx/sep/articulos/convocatoria-premio-nacional-de-ciencias-2016','23 de mayo de 2016','2017-04-07','A instituciones y agrupaciones que integran la lista que de conformidad con lo dispuesto por el artículo 49 de la Ley de Premios, Estímulos y Recompensas Civiles PROPONGAN candidatos. El Premio se otorgará a personas físicas, aunque estén domiciliadas fuera del país. ','Gobierno Federal y la Secretaría de Educación Pública (SEP).','Reconocer a personas físicas que por sus producciones o trabajos docentes, de investigación o de divulgación, hayan contribuido al profeso de la ciencia, de la tecnología y de la innovación. ',2,2,2),(7,'Premio Nacional de Ciencias y Artes','Medalla de oro ley y $100,000 M.N.','http://www.pnca.sep.gob.mx/es/pnca/Convocatoria','07 de agosto de 2015',NULL,'Instituciones y agrupaciones que PROPONGAN candidatos. Se otorgará a personas físicas o, en su caso, a comunidades o grupos, aunque en uno y otro caso estén domiciliadas fuera del país, que por sus producciones o trabajos docentes, de investigación o de divulgación, hayan contribuido a enriquecer el acervo cultural del país o el progreso de la ciencia, de la tecnología, de la innovación, del arte o de la filosofía.','Gobierno Federal y la Secretaría de Educación Pública (SEP).','Reconocimiento público que por sus producciones o trabajos docentes, de investigación o divulgación, hayan con tribuido a enriquecer el acervo cultural del país o el progreso de la ciencia, de la tecnología, de la innovación, del arte o la filosofía.',2,NULL,NULL),(8,'Premio Nacional de la Juventud 2017','Medalla de oro, $ 150,000 M.N. en Contratos de Comisión Mercantil y Depósito de Títulos en Custodia y Administración (CODES) y diploma firmado por el Presidente de la República.','http://www.premiojuventud.gob.mx/','05 de mayo de 2017','2018-02-01','Organizaciones, gobierno, instituciones, etc., para que PROPONGAN a jóvenes mexicanos por nacimiento o por naturalización (entre 12 y 29 años), individualmente o en grupo, con residencia en la República Mexicana o en el extranjero, y cuya conducta o dedicación al trabajo o al estudio cause entusiasmo y admiración entre sus contemporáneos y pueda considerarse ejemplo estimulante para crear y desarrollar motivos de superación personal o de progreso a la comunidad.','Secretaría de Educación Pública (SEP), Secretaría de Desarrollo Social (SEDESOL) e Instituto Mexicano de la Juventud (IMJUVE).','Categoría VI. Ingenio emprendedor. Liderazgo emprendedor en distintas ramas económicas, que debe traducirse en habilidad para crear y desarrollar unidades de producción viables, redituables y sustentables. Implementación de iniciativas de negocios, transferencia de tecnología e innovación; fortalecimiento de la planta productiva con impacto en el aspecto económico y social de la comunidad. Desarrollo, difusión y promoción de una cultura emprendedora; inversión en el desarrollo de capital humano de las organizaciones productivas, destacando: la gestión directiva; habilidades gerenciales; así como, capacitación y adiestramiento de personal dirigidos a la productividad y el crecimiento. Categoría X. Ciencia y tecnología. Reconocimiento a acciones que contribuyan a fomentar y generar investigación científica; creación e innovación tecnológica; investigaciones básicas en las ciencias naturales, sociales y las humanidades, fortaleciendo los espacios de expresión de su creatividad e inventiva; generación de conocimientos, difusión y transmisión de los mismos a nivel nacional e internacional, así como su desarrollo y aplicación sustentable.',2,1,1),(9,'Premios Rómulo Garza: INSIGNIA','$ 400,000 M.N. y la escultura Rómulo Garza. ','http://sitios.itesm.mx/premioromulogarza/convocatoria_insignia.html','11 de octubre de 2016','2017-09-11','Los candidatos a este premio deberán ser profesores del Tecnológico de Monterrey y su candidatura debe ser propuesta por el director del Centro, Escuela, Departamento o Grupo de Enfoque al que pertenece el profesor. ','Tecnológico de Monterrey','Reconoce la trayectoria científica del profesor investigador en el Tecnológico de Monterrey, sus contribuciones a la vida institucional y sus aportaciones a la comunidad.',2,1,2),(10,'Premio Universidad Nacional','Diploma y $260,000 M.N.','http://www.gaceta.unam.mx/20160502/wp-content/uploads/2016/05/PUNyRDUNJA.pdf',' 17 de junio de 2016','2017-05-05','Está dirigido a Personal académico de la UNAM profesor, investigador o técnico académico con más de diez años de antigüedad. En el caso de personal externo, sólo podrá participar en el campo de creación artística y extensión de la cultura.','Universidad Nacional Autónoma de México (UNAM)','Con el propósito de reconocer a los profesores, investigadores o técnicos académicos, que se han destacado en el cumplimiento de las funciones sustantivas de docencia, investigación y difusión de la cultura.',2,2,2),(11,'Premio AgroBIO México ','Premio Mejor tesis de doctorado: Diploma y $55,000 M.N. Premio Trayectoria en investigación: Diploma y $85,000 M.N.','http://www.agrobiomexico.org.mx/premios-agrobio/',' 02 de octubre de 2015',NULL,'Dirigido a investigadores y estudiantes en ciencias y biotecnología, para reconocer aportaciones al desarrollo académico y productivo mediante 2 categorías: 1. Tesis de doctorado 2. Trayectoria de investigación en biotecnología.','AgroBIO México.','Reconocen y galardonan el trabajo profesional de investigadores y periodistas en materia de biotecnología agrícola. Incentivar el trabajo de los profesionales de la investigación científica y la divulgación de estos temas en México.',3,NULL,NULL),(12,'Premio a la Innovación en Bionanotecnología CINVESTAV-Neolpharma','El premio consistirá en un diploma al (los) autor(es) más un estímulo económico único de $150,000 M.N y MXN $75,000.00 destinados al proyecto de investigación','http://premiobionano.cinvestav.mx/',' 14 de noviembre de 2016','2017-10-01','Podrán participar científicos y grupos de investigación que realicen sus labores en centros de investigación, hospitales, universidades e instituciones nacionales de salud, públicas o privadas en México, en el área de la Bionanotecnología.','Centro de Investigación y de Estudios Avanzados (CINVESTAV) y Grupo Farmacéutico Neolpharma','Reconocer el esfuerzo, dedicación e investigación de las personas con interés en temas y estimular la investigación en dichas materias en México, así como reproducir el conocimiento dentro de las universidades y apoyar el desarrollo dentro del país.',3,1,2),(13,'Premios de la academia a las mejores tesis de doctorado en ciencias sociales y humanidades','No disponible','http://www.amc.edu.mx/amc/index.php?option=com_content&view=article&id=130&Itemid=80','26 de septiembre de 2016','2017-10-01','Persona que haya concluido un doctorado en ciencias sociales y humanidades. Podrá concursar cualquier persona que no haya cumplido en el caso de los hombres 38 años y para las mujeres 40 años al 19 de septiembre de 2015.','Academia Mexicana de Ciencias (AMC), con apoyo de la Universidad Nacional Autónoma de México (UNAM), Universidad Autónoma Metropolitana (UAM), el Colegio de México, Centro de Investigación y Docencia Económicas (CIDE), Instituto de Investigaciones Dr. José María Luis Mora, Centro de Investigación y de Estudios Avanzados (CINVESTAV) e Instituto Nacional de Antropología e Historia (INAH). ','Reconocimiento a las mejores tesis de Doctorado.',4,1,2),(14,'Premio en Economía Víctor L. Urquidi ','1er. Lugar: $ 150,000 pesos M.N. / 2o. Lugar: $ 50,000 pesos M.N. / 3o. Lugar: Mención Honorifica.','http://cee.colmex.mx/premios-y-convocatorias/premio-victor-l-urquidi','14 de octubre de 2016','2017-09-01','Investigadores vinculados a alguna institución mexicana, independientemente de su nacionalidad.','El Colegio de México.','Otorgar reconocimiento a trabajos originales que contribuyan al avance del conocimiento referente al crecimiento y desarrollo de México. ',4,1,2),(15,'Premio de Ensayo Histórico, Social y Cultural de Sinaloa','$ 100,000 M.N. y la publicación del trabajo','http://www.culturasinaloa.gob.mx/images/stories/2016/Convocatorias/marzo/Convocatoria_premio.pdf',' 03 de junio de 2016','2017-03-01','Convoca a todos los investigadores mexicanos radicados en el país','El Gobierno de Sinaloa a través del Instituto Sinaloense de Cultura.','Premiar temas sobre la historia cultural de los sinaloenses (sus asentamientos antiguos y coloniales, su vida cotidiana y sus mentalidades, sus pueblos heroicos, mágicos y señoriales, etcétera. ',4,2,2),(16,'Premio Genaro Estrada','$100,000 M.N. y diploma para la mejor tesis doctoral o investigación académica. $ 50,000 M.N. y diploma para la mejor tesis de maestría. $ 25,000 M.N. y diploma para la mejor tesis o tesina de licenciatura.','https://embamex.sre.gob.mx/colombia/images/stories/pdfs/conv_pge_2016.pdf','31 de agosto de 2016','2017-07-01','Investigaciones cuyo tema verse sobre la historia de las relaciones internacionales de México. Podrán participar: tesis doctoral o investigación académica, tesis de maestría y, tesis o tesinas de licenciatura, todas ellas realizadas de forma individual o colectiva.','Secretaria de Relaciones Exteriores','Incentivar la investigación de la historia de las relaciones internacionales de México, la consulta de los documentos que custodia el Archivo Histórico Genaro Estrada de la Secretaría de Relaciones Exteriores, y de contribuir al reconocimiento de quienes se dedican al estudio de esta materia.',4,2,2),(17,'Premio Iberoamericano en Ciencias Sociales','Premio único de $120,000 M.N. y la publicación del artículo en la Revista Mexicana de Sociología.','http://www.iis.unam.mx/pdfs/convoc_premio_iis.pdf','16 de junio de 2017','2018-02-01','Especialistas en Ciencias Sociales en Instituciones de América Latina, España y Portugal. Los participantes deberán contar con un mínimo de 5 años de experiencia en la investigación.','Instituto de Investigaciones Sociales de la UNAM, con apoyo de la Organización de Estados Iberoamericanos para la Educación, la Ciencia y la Cultura (OEI). ','Promover y fomentar el desarrollo de las Ciencias Sociales en el ámbito Iberoamericano, así como la producción de investigaciones que contribuyan sustantivamente al conocimiento de lo social. ',4,1,1),(18,'Premios INAH 2017','Premio a la mejor investigación: $ 140,000 M.N. y diploma honorario. Premio a la mejor tesis de doctorado: $ 120,000 M.N. y diploma honorario. Premio a la mejor tesis de maestría: $ 100,000 M.N. y diploma honorario Premio a la mejor tesis de licenciatura: $ 80,000 M.N. y diploma honorario.','http://www.premios.inah.gob.mx/index.php','22 de abril de 2016','2017-03-01','Investigadores mexicanos o extranjeros residentes en el país. ','Instituto Nacional de Antropología e Historia (INAH).','Alfonso Caso/Arqueología, Javier Romero Molina/Antropología física, Fray Bernardino de Sahagún/Etnología y Antropología Social, Francisco Javier Clavijero/Historia y Etnohistoria, Wigberto Jimenez Moreno/Lingüística',4,2,2),(19,'XVI Concurso de Creatividad e Innovación Tecnológica para alumnos y docentes 2017','1er., 2do. Y 3er. Lugar: Obsequios y diplomas.','http://www.copocyt.gob.mx/web/docs/Convocatoria%20CECYTE/Convocatoria%20Estatal%20XVI%20Concurso%20de%20Creatividad%20Tecnologica%20para%20Estudiantes%202017%2004%20Enero.pdf','Fase Local 11 al 21 de abril de 2017. Fase Estatal 02 al 04 de mayo de 2017. Fase Nacional 16 al 20 de mayo de 2017.','2018-02-01','Podrán participar estudiantes y docentes de todos los Colegios de Estudios Científicos y Tecnológicos de la República Mexicana en las categorías: • Alumnos: prototipos tecnológicos, proyectos de investigación, prototipos de cultura ecológica y conservación de medio ambiente, prototipos informáticos. • Docentes: didáctico. ','Coordinación Nacional de Organismos Descentralizados Estatales de los Colegios de Estudios Científicos y Tecnológicos (CECyTE) de la República Mexicana.','Impulsar la educación científica y tecnológica como elemento indispensable para la transformación de México en una sociedad del conocimiento, fomentando entre la comunidad estudiantil de los Colegios de Estudios Científicos y Tecnológicos (CECyTE) el espíritu y cultura emprendedora y competitiva mediante el reconocimiento a los mejores proyectos que brinden soluciones a problemas sociales, los cuales pueden ser susceptibles de convertirse en empresas productivas. ',5,1,1),(20,'Concurso Internacional de Ciencias','1er. Lugar: Notebook HP ENVY Sleekbook, 2do. Lugar: iPad Mini Retina de 16 GB, 3er. Lugar: Calculadora HP Prime, 4to. Lugar: Parrot Mini Done Rolling Spider, y 5to. Lugar: iPod Nano.','http://concursociencias.mty.itesm.mx/convocatoria.php','10 de febrero de 2017','2018-01-01','Estudiantes de preparatoria (nacionales y extranjeros) con promedio igual o mayor a 80 y menores de 20 años.','Escuela de Ingeniería y Tecnologías de Información del Tecnológico de Monterrey','Reunir a estudiantes de preparatoria para que a través de competencias en las áreas de: Computación, Física, Matemáticas, Biología y Química, se promueva el interés por las ciencias. Así como también, reconocer a los mejores alumnos de preparatoria que alcanzan los primeros lugares en cada una de las áreas.',5,1,2),(21,'XVIII Concurso Nacional de Prototipos 2017','Incentivo monetario de acuerdo con la categoría para el 1er., 2do., y 3er. Lugar','http://www.dgeti.sep.gob.mx/images/multimediaDgeti/accionesProgramas/prototipos/2017/Convocatoria.pdf','15 de febrero de 2017','2018-01-01','Alumnos y docentes del Subsistema de Educación Tecnológica Industrial. ','Dirección General de Educación Tecnológica Industrial (DGETI).','Diseño de prototipos tecnológicos, emprendedores, didácticos e informáticos, orientados a la comprensión y aplicación de la metodología científica y tecnológica, tanto en los programas de estudio, como en las experiencias de aprendizaje que generen actitudes de búsqueda, análisis y organización permanente de la información, contribuyendo a elevar la calidad de la educación en el nivel medio superior. ',5,1,2),(22,'Concurso Universitario Feria de las Ciencias, la Tecnología y la Innovación','Reconocimiento de 1er., 2do. Y 3er. Lugar y menciones honoríficas. ','http://www.feriadelasciencias.unam.mx/','06 de marzo de 2017','2018-02-01','Podrán participar los alumnos inscritos en el nivel medio superior, con investigaciones realizadas en el ciclo escolar 2015-2016. ','La Universidad Nacional Autónoma de México, a través de la Escuela Nacional Colegio de Ciencias y Humanidades, la Escuela Nacional Preparatoria, la Dirección General de Incorporación y Revalidación de Estudios y la Dirección General de Divulgación de la Ciencia. ','Fomentar entre los jóvenes la creatividad y el interés por la investigación científica, fortalecer el aprendizaje de la ciencia, el uso de la tecnología e impulsar la innovación como factores determinantes para el desarrollo del país. ',5,1,2),(23,'Expociencias Nacional 2017','Acreditación a una serie de eventos internacionales. El ganador absoluto de ExpoCiencias Nacional obtiene el privilegio de ser parte de los veinte jóvenes representantes de todo el mundo que asisten a la ceremonia de los Premios Nobel en Estocolmo, Suecia.','http://www.expociencias.net/','ExpoCiencias Nacional 2017 en La Paz BC. Participan sólo los ganadores de las ExpoCiencias Regionales y Eventos Afiliados. ','2018-02-01','Estudiantes en nivel educativo de preescolar, primaria, secundaria, bachillerato (o su equivalente) o Superior (Universidad), entre 5 y 24 años. ','RED Nacional de Actividades Juveniles en Ciencia y Tecnología, Consejo Nacional de Ciencia y Tecnología (CONACYT), Sociedad Latinoamericana de Ciencia y Tecnología (SOLACYT) con el aval de Mouvement International pour le Loisir Scientifique et Technique (MILSET).','Promover la participación de niños y jóvenes a través de proyectos científicos y técnicos de investigación, innovación y divulgación; permitiendo también la participación de instituciones y empresas dedicadas a la educación, así como divugadores y profesores.',5,1,1),(24,'Feria Nacional de Ciencias e Ingenierías 2017','Reconocimiento al 1º. 2do., y 3er. Lugar por cada una de las categorías. Acreditación para participar en Intel ISEF (Intel International Science and Engineering Fair). ','http://www.fenaci.org.mx/general.html#edicion','11 de Septiembre de 2016. La participación en este evento se logra a través de la selección de los mejores proyectos de las Ferias Estatales participantes.','2017-03-01','Podrán participar todos los jóvenes inscritos en instituciones educativas cuya edad se encuentre entre los 14 años y hasta aquéllos que hayan cumplido los 22 años al 25 de julio de 2016. El proyecto a registrar deberá ser de investigación científica o de desarrollo tecnológico.','Consejo Nacional de Ciencia y Tecnología (CONACYT) a través de Consejos de Ciencia y Tecnología de los Estados de la República Mexicana.','Premiar la creatividad, originalidad y mérito científico de estudiantes de nivel básico, medio superior y superior (de los 14 a los 22 años) inscritos en instituciones educativas públicas o privadas.',5,1,1),(25,'Certamen Joven Emprendedor Forestal Latinoamérica 2016-2017 ','Reconocimiento para cada categoría por obtener el primer lugar en el Certamen. Capacitación, asesoría y seguimiento por un año para el desarrollo e implementación de su proyecto con un valor aproximado de $100,000 M.N. ','http://media.wix.com/ugd/8a1373_099da427e6f94e809c7cc13b026a92be.pdf','Etapa 1: 30 de noviembre de 2016. Etapa 2: 15 de marzo de 2017.','2017-10-01','Pueden participar todos los estudiantes mayores de 15 años y hasta 35 años, inscritos y activos en instituciones públicas o privadas y que actualmente estén cursando cualquier carrera técnica, ingeniería o licenciatura forestal (bachillerato o licenciatura/ingeniería) de Latinoamérica. ','Grupo Bimbo, BBVA Bancomer, Fundación Coca-Cola y Reforestamos México A.C. ','Con el objetivo de fortalecer las capacidades y habilidades de técnicos e ingenieros forestales en formación, con temas de empresarialidad y desarrollo humano a través de la generación de ideas innovadoras y propuestas de mejora que permitan resolver necesidades específicas de sus localidades. ',6,1,1),(26,'Concurso Internacional de Talentos Emprendedores e Innovadores ','Participación en un Boot Camp, pasarela con inversionistas.','http://www.cumbrecenit.com/concurso_convocatoria.php','22 de abril de 2016','2017-03-01','A estudiantes, egresados, emprendedores, emprendedores de alto impacto, emprendedores sociales, empresarios, académicos, inversionistas, mentores, coaches, organizaciones, asociaciones, dependencias de Gobierno e Instituciones locales, nacionales e internacionales. Todos relacionados con el estudio, impulso, promoción y participación directa e indirecta en iniciativas de emprendimiento empresarial e innovación tecnológica. ','Cumbre Cenit.','Impulsar el espíritu emprendedor conjuntando a los integrantes de los diversos ecosistemas para su integración y vinculación a inversionistas con proyectos de negocios sustentables y de alto impacto. ',6,2,2),(27,'Ingenio Emprendedor: de la idea a la práctica 2015-2016','Los 3 equipos finalistas recibirán cada uno $20,000 M.N. Además, existe una bolsa de $100,000 M.N. que será repartida entre los 3 ganadores. ','http://www.ingenioemprendedor.mx/mensaje.html http://www.ingenioemprendedor.mx/download/IE-Convocatoria_V1a.pdf','registro: 15 de junio a 15 de septiembre de 2015','2017-05-01','Estudiantes inscritos en programas nacionales de nivel licenciatura o posgrado con perfil de emprendedores que cuenten con una idea de negocio innovadora, cuyo desarrollo tecnológico y comercial repercuta en el mejoramiento de la infraestructura mexicana.','Alianza FiiDEM AC., y Fondo Sectorial de Innovación FINNOVA.','Busca involucrar a las nuevas generaciones en la misión de innovar y fortalecer las capacidades del sector infraestructura para el desarrollo de México, al promover y fomentar la cultura de innovación con una visión de emprendimiento que impulse la creación de empresas de base tecnológica y transforme a los estudiantes en emprendedores, y a sus ideas innovadoras en negocios, mediante un proceso de pre-incubación que contempla la elaboración de un plan y modelo de negocios atractivo y viable para el sector infraestructura. Está implementado como un concurso de ideas de negocio que facilita el proceso de pre-incubación al apoyar a los estudiantes emprendedores en la formulación de un plan y modelo de negocios relevantes y viables para el sector de la infraestructura.',6,2,2),(28,'Los Emprendedores del año','Los casos de los 20 emprendedores finalistas serán publicados en la revista y el sitio web. Los elegidos en cada categoría tienen acceso a dos mentorías con expertos sobre temas que les ayudarán a fortalecer sus habilidades como emprendedor. Las historias de los ganadores serán la portada del número especial impreso Los Emprendedores del Año de Expansión en agosto de 2015.','http://expansion.mx/emprendedores2016','3 de junio de 2016','2017-05-01','Emprendedores con al menos dos años de ventas en el mercado. ','CNN Expansión','Construir empresas de alto potencial de crecimiento, que son capaces de revolucionar una industria o una economía entera, queremos conocerte y ayudarte a conseguir tus metas. ',6,2,2),(29,'Premio Nacional del Emprendedor','No disponible','http://premionacionaldelemprendedor.gob.mx/','17 de noviembre de 2016','2017-10-03','Emprendedores, personas físicas o morales, mayores de 18 años, con una idea innovadora o que se encuentran en proceso de creación y/o desarrollo de una empresa (Categoría I).','Secretaría de Economía a través del Instituto Nacional del Emprendedor (INADEM)','Es la máxima distinción que otorga la Secretaría de Economía a través del INADEM, a las personas físicas y/o morales, de nacionalidad mexicana, que son referentes nacionales por sus ideas, empresas y emprendimientos considerados valiosos, relevantes e innovadores; así como a las instituciones ejemplares en el impulso del ecosistema emprendedor, que respaldan la actividad emprendedora e innovadora, para la generación de empleo, el impulso de la productividad y en suma, la competitividad del país.',6,2,2),(30,'Concurso Vive ConCiencia','El equipo que obtenga el primer lugar en cada uno de los diez retos, recibirá un premio de $50,000.00 pesos M.N., y un diploma en la ceremonia de premiación nacional.','http://www.viveconciencia.com','09 de septiembre de 2016','2017-08-09','A las y los estudiantes de licenciatura o su equivalente, con inscripción vigente en instituciones de educación superior públicas o privadas del país. ','Academia Mexicana de Ciencias (AMC), Consejo Nacional de Ciencia y Tecnología (CONACYT),  Red Nacional de Consejos y Organismos Estatales de Ciencia y Tecnología, A.C. (REDNACECYT), Comisión de Ciencia y Tecnología del Senado de la República, Foro Consultivo Científico y Tecnológico A.C. (FCCYT).','Socializar los retos de la Agenda Ciudadana de Ciencia, Tecnología e Innovación, acercar el conocimiento científico y tecnológico a la población e involucrar en esta tarea a los alumnos de educación superior, a través de que presenten una propuesta para atender alguna problemática de su entorno que sea innovadora, sencilla, viable y aplicable a nivel local, regional o nacional.',7,2,2),(31,'Premio CEMEX-TEC, Emprendedores Sociales Edición 2016 (E&E)','Los 15 finalistas recibirán como reconocimiento una aceleración tipo “Bootcamp” de 5 días dirigido por Ashoka México los días 19, 20, 21, 22 y 23 de septiembre de 2016 en Monterrey, México con todos los gastos pagados. Gran parte del valor del Bootcamp son los espacios de vinculación en los que los líderes de proyectos compartirán experiencias, aprendizajes y retos en común.','http://www.cdcs.com.mx/participa/premio-cemex-tec-edicion-2017','19 de mayo de 2017','2018-04-19','Emprendedores de Latinoamérica con proyectos que resuelven problemáticas sociales de sus comunidades, fomentan un cambio sistémico y tienen potencial de convertirse en un negocio social. Los proyectos deberán tener impacto social o ambiental en México, Centroamérica o Latinoamérica. Deberán ser propuestos por el emprendedor, líder del proyecto social o uno de los co-fundadores con previo consentimiento de todos los responsables. En todos los casos, deberán llevar al menos un año trabajando en su proyecto y poder comprobar el impacto. ','CEMEX, el Tecnológico de Monterrey y Ashoka.','Fomentar la investigación e implementación de soluciones sostenibles para problemáticas relacionadas a temas de planeación, organización y urbanización de las comunidades. Difundir casos de éxito para crear efecto multiplicador y cultura de sustentabilidad. Crear un semillero de proyectos que impulsen el desarrollo de comunidades sostenibles e inclusivas en México. Fomentar en México la creatividad en la búsqueda de soluciones a los retos presentes y futuros de la industria de la construcción mediante una cultura emprendedora y con criterios sostenibles.',7,1,1),(32,'Premio Eugenio de la Garza Sada (PF) (PM)','El Premio se otorga en dos categorías: de Personas y de Emprendimiento Social. Para cada categoría el Premio consiste en: Categoría de Personas: Escultura “Luz Interior” de Yvonne Domenge y un reconocimiento escrito. Además, la persona ganadora en esta categoría seleccionará una institución mexicana no gubernamental, que no persiga fines de lucro, a la cual se le entregará un cheque por $100 mil pesos. Categoría de Emprendimiento Social: Escultura “Luz Interior” de Yvonne Domenge, reconocimiento escrito y $250 mil pesos. Categoría Estudiantil: Escultura “Luz Interior” de Yvonne Domenge, reconocimiento escrito y $100 mil pesos. Además, los nombres de los ganadores quedarán grabados en el Mural de Reconocimientos del Premio Eugenio Garza Sada, ubicado en el Tecnológico de Monterrey, Campus Monterrey.','http://www.pegs.com.mx/convocatoria.htm','28 de febrero de 2017','2018-01-28','Instituciones de investigación, agrupaciones profesionales, asociaciones civiles, organismos intermedios, empresas, instituciones educativas y entidades gubernamentales del país o extranjeras a PRESENTAR candidatos para el Premio Eugenio Garza Sada.','FEMSA y el Tecnológico de Monterrey.','Destacar y reconocer las actividades realizadas por personas e instituciones nacionales o extranjeras que coadyuven al bienestar de la comunidad mexicana a través del desarrollo, mejoramiento y promoción de la capacidad productiva de sus recursos humanos y físicos.',7,1,2),(33,'Premio UNITEC a la Innovación Tecnológica para el Desarrollo Social (E&E)','Se premiarán a los 5 proyectos más destacados con la cantidad de $ 70,000.00 M.N. y $ 2,000 USD cada uno. Los ganadores recibirán apoyo y capacitación a través de la International Youth Foundation y la UNITEC para continuar su programa y lograr mayor impacto en sus resultados.','http://www.unitec.mx/premio/?m=convocatoria','30 de septiembre de 2016','2017-08-30','Jóvenes emprendedores de 18 a 29 años, de forma individual o en grupo. Deberán ser los fundadores o cofundadores del proyecto. ','UNITEC, International Youth Foundation y Sylvan Laureate Foundation.','Impulsar y reconocer el trabajo de grupos y personas a favor del uso de la tecnología para resolver problemas sociales relevantes y ofrecer soluciones innovadoras que manifiesten la creatividad en el uso de los recursos, y el interés y la preocupación por resolver problemas reales de otros grupos sociales y mejorar sus condiciones de vida, aumentar sus oportunidades de desarrollo o facilitar el acceso a medios para ello.',7,2,2),(34,'Premio UVM por el Desarrollo Social (EST) (Varios)','Cada joven ganador es acreedor a: Apoyo Económico: $30,000 M.N. como subvención económica para invertir en el desarrollo del programa registrado. Aprendizaje: Seis días de capacitación en febrero 2016. Los gastos de capacitación, alojamiento, hospedaje y alimentación para todos los ganadores, serán cubiertos por el Premio UVM. Los colaboradores de los jóvenes ganadores tendrán acceso a capacitación virtual y asesoría especializada. Visibilidad: Oportunidades para promover su labor a través de medios locales, nacionales e internacionales. Vinculación con emprendedores sociales a nivel nacional e internacional: Los ganadores formarán parte de red nacional de Premio UVM por el Desarrollo Social y tendrán la posibilidad de colaborar con jóvenes emprendedores mexicanos. Los ganadores y sus proyectos se convierten en miembros del programa del programa YouthActionNet®.','http://www.premiouvm.org.mx/','01 de septiembre de 2015 (próxima apertura, segundo semestre 2016)  ','2016-08-01','Jóvenes entre 18 y 29 años de edad.','Universidad del Valle de México (UVM) e International Youth Foundation.','Reconocer, impulsar y fortalecer el trabajo realizado por jóvenes que buscan mejorar las condiciones sociales y ambientales en México. Consolidar una red de jóvenes emprendedores que fungen como agentes de cambio a través del trabajo y la cooperación con comunidades y especialistas a nivel nacional e internacional. Estos jóvenes refrendan el papel de la juventud como impulsora del desarrollo social.',7,1,2),(35,'Evento Nacional Estudiantil de Innovación Tecnológica 2016 (EST) (JI/PG)','No disponible','http://www.tecnm.mx/convocatorias/convocatoria-evento-nacional-estudiantil-de-innovacion-tecnologica-2016','13 de mayo de 2016','2017-04-13','Podrán participar todos los estudiantes del Tecnológico Nacional (TecNM) de los niveles de licenciatura y posgrado inscritos oficialmente en el periodo enero-junio 2016. ','Tecnológico Nacional de México (TecNM).','Desarrollar proyectos disruptivos o incrementales que fortalezcan las competencias creativas, emprendedoras e innovadoras de los participantes a través de la transferencia tecnológica y comercialización, dando respuesta a las necesidades de los sectores estratégicos del país.  ',8,2,2),(36,'Premio ADIAT a la Innovación Tecnológica (E&E)','Para primeros lugares: Trofeo, reconocimiento e incentivo económico ($100,000 M.N.). Segundos y terceros lugares: diploma y reconocimiento. ','http://adiat.org/subidas/images/Premio%20ADIAT/2017/BASES2017.pdf','27 de enero de 2018','2017-08-29','Empresas, grandes y PyMEs.','Asociación Mexicana de Directivos de la Investigación Aplicada y el Desarrollo Tecnológico (ADIAT).','Estimular y valorar el esfuerzo de investigación y gestión tecnológica de las organizaciones, así como incentivar a todas las empresas a seguir el ejemplo de las que son líderes en innovación. ',8,1,2),(37,'Premio CEMEX-TEC, Innovación en la Construcción Edición 2016 (E&E)','Los tres mejores proyectos se harán acreedores a una beca completa de 6 meses con una incubadora o aceleradora de empresas. Para ganadores que radiquen México, la incubación se llevará a cabo en la Incubadora de Empresas del Tec de Monterrey. Para ganadores de otro país latinoamericano, la incubación se llevará a cabo con alguna incubadora local cercana al ganador, con la que el Premio CEMEX-TEC establezca alianza. Durante el tiempo de aceleración consolidarán su propuesta, la cual presentarán al finalizar la incubación y con la cual competirán por $10,000 USD para arrancar su negocio.','http://www.cdcs.com.mx/participa/premio-cemex-tec-edicion-2018','19 de mayo de 2017','2018-04-19','Emprendedores de Latinoamérica con ideas de negocio innovadoras y sostenibles relacionadas a la industria de la construcción, y que cuentan con un prototipo o piloto de su propuesta. Ideas de nuevos negocios que mejoren significativamente alguna parte del proceso de la cadena de valor de la industria de construcción y que aporten al desarrollo sostenible de nuestras comunidades.','CEMEX y Tecnológico de Monterrey.','Fomentar la investigación e implementación de soluciones sostenibles para problemáticas relacionadas a temas de planeación, organización y urbanización de las comunidades. Difundir casos de éxito para crear efecto multiplicador y cultura de sustentabilidad. Crear un semillero de proyectos que impulsen el desarrollo de comunidades sostenibles e inclusivas en México. Fomentar en México la creatividad en la búsqueda de soluciones a los retos presentes y futuros de la industria de la construcción mediante una cultura emprendedora y con criterios sostenibles.',8,1,1),(38,'Premio a la Innovación “Ing. Juan Manuel Ramírez Caraza\" con aplicación al Metro de la Ciudad de México (Varios)','Medalla, diploma y un reconocimiento económico para cada una de las categorías. Se entregarán 10 apoyos económicos a los trabajos seleccionados, durante cinco bimestres.','http://premioinnovacionstc.org/doctos/convocatoria2016.pdf','15 de octubre de 2016 (próxima apertura, segundo semestre 2017) ','2017-09-15','Pasantes, profesionistas de ingeniería, empresas del sector público y privado, centros de investigación, facultades, instituciones de educación superior, sociedades de egresados, colegios, asociaciones técnicas, cámaras industriales, estudiantes o egresados del nivel licenciatura y posgrado, a todos los relacionados con el ámbito de la Ingeniería; a la comunidad del STC y al público en general del país, a postularse o proponer candidatos en sus tres diferentes categorías.','Gobierno del DF, el Sistema de Transporte Colectivo (STC), la Secretaría de Ciencia, Tecnología e Innovación del Distrito Federal y la Academia de Ingeniería. ','El objetivo es promover el desarrollo de la ingeniería mexicana en beneficio del servicio que ofrece el Metro a sus usuarios.',8,1,2),(39,'Premio Nacional de Tecnología e Innovación (PF) (PM)','Presea y placa de reconocimiento. Prioridad en el apoyo de recursos de la SE y CONACYT, entre otros beneficios.','http://www.fpnt.org.mx/images/stories/Calendario2015/Convocatoria_Organizaciones_PNTi_XVIII_Edicion_2016.pdf','02 de octubre de 2015 (próxima apertura, segundo semestre 2016)','2016-10-02','Personas físicas y morales, públicas y privadas, establecidas en el país.','Fundación Premio Nacional de Tecnología A.C, Secretaría de Economía y Consejo Nacional de Ciencia y Tecnología (CONACYT).','Impulsar el desarrollo de las organizaciones mexicanas de cualquier giro o tamaño, para proyectarlas de manera ordenada a niveles competitivos de clase mundial mediante una gestión de tecnología explícita, sostenida y sistemática.',8,1,2),(40,'Premio Santander a la Innovación empresarial (EST) (EGR) (JI/PG) (E&E)','1er. Lugar. $500,000 M.N. 2do. Lugar. $200,000 M.N.3er. Lugar. $ 100,000 M.N. Además, los dos primeros lugares de cada categoría, obtendrán asesoría por parte de Venture Institute y una beca para estudiar un programa exclusivo en Babson College, E.U., una de las mejores escuelas en materia de emprendimiento en el mundo. ','http://www.premiosantander.com/2017/pdfs/Convocatoria_XII_PSIE.pdf','31 de marzo de 2017','2017-03-31','Jóvenes emprendedores de las Instituciones de Educación Superior mexicanas, así como a aquellos que estén inscritos en cualquiera de las incubadoras del país a presentar proyectos. Máximo 30 años cumplidos. ','Grupo Financiero Santander, Secretaría de Educación Pública (SEP), Instituto Nacional del Emprendedor (INADEM), Asociación Nacional de Universidades e Instituciones de Educación Superior (ANUIES), Consejo de la Comunicación.','Estimular en los jóvenes universitarios una cultura emprendedora que promueva la generación y el desarrollo de empresas innovadoras con alto potencial de crecimiento y valor agregado para el país, originadas en las universidades o centros de emprendimiento de México.',8,1,1),(41,'Concurso Cleantech México Séptima Edición (EST) (JI/PG) (C/I/A) (E&E)','Los finalistas tienen la posibilidad de ganar varios premios entre los que se encuentra una bolsa de $250,000 M.N., premios por parte de Banamex para la Empresa con Mayor impacto Social con una bolsa de $350,000 M.N., espacios para coworking durante un mes en Japón, Italia o Estados Unidos para mentorías con expertos y la oportunidad de recibir capacitación y consultoría en la Universidad del Medio Ambiente, en inQba Escuela de Negocios y el EY México. ','http://www.cleantechchallenge.org/node/63?language=es','10 de abril de 2017','2018-03-10','Cleantech Innovation Challenge (CIC): universitarios, estudiantes de posgrado, académicos, proyectos y empresas en etapa de incubación y empresas de reciente creación. Cleantech Startups Challenge (CSC): PYMES de tecnología limpia, empresas en etapa de aceleración (al menos un año facturando) y startups buscando atraer inversión de fondos de capital privado o nuevos clientes.','Green Momentum, USAID y Banamex.','Creación, fortalecimiento y financiamiento de empresas de innovación tecnológica, así como la protección, licenciamiento y comercialización de tecnología limpia mexicana y con ello, ofrecer una alternativa productiva para alcanzar la prosperidad sostenible del país.',9,1,1),(42,'Concurso Recicla 2016 (Varios)','Jumil de oro, y al primer lugar nacional $100,000 M.N. en efectivo. ','http://www.limpiemosnuestromexico.com/concurso-recicla-2016','15 de noviembre de 2016','2016-04-01','A individuos, escuelas, organizaciones no gubernamentales, empresas, instituciones de investigación; instituciones gubernamentales, así como a toda persona física o moral comprometida con el medio ambiente de México. ','Fundación Azteca de Grupo Salinas, la Secretaría de Medio Ambiente y Recursos Naturales (SEMARNAT), PEMEX y Grupo Bimbo.','Difundir y reconocer los mejores proyectos innovadores y sustentables, potencialmente desarrollables en México; que utilicen, fabriquen o promuevan el uso de tecnologías limpias, enfocados a dar soluciones al problema de los residuos sólidos y el potencial de reciclaje.',9,1,2),(43,'Premio Innovación Sustentable Walmart+Ibero 2016 (EST) (EGR) (JI/PG)','a) Premio de capital semilla: 1er. Lugar: $70,000 M.N.  2do. Lugar: $50,000 M.N.3er. Lugar: $30,000 M.N. b) participación en programa de pre-aceleración c) participación en el portafolio de Socialab México d) acompañamiento a ganadores','http://mx.socialab.com/uploads/Desafios/BasesPIS17.pdf','13 de marzo de 2017','2017-02-13','Podrán participar estudiantes mexicanos o extranjeros de 30 años o menos, que en el periodo de la convocatoria estén cursando estudios de licenciatura o posgrado en una institución de educación en la República Mexicana o que terminaron completamente sus estudios, con todas las materias aprobadas, en diciembre de 2015.','Wal-Mart México, Universidad Iberoamericana y Socialab','El objetivo del premio es impulsar las ideas de jóvenes emprendedores que quieran causar un impacto positivo en el medio ambiente mediante soluciones innovadoras en las siguientes categorías: ● Sustentabilidad en el Retail. ● Consumo y estilos de vida sustentables.',9,1,2),(44,'Premio Nacional Juvenil del Agua 2016 (EST)','1er. Lugar: $ 40,000 M.N. y el honor de representar a México en el Certamen Internacional durante el mes de agosto de 2016 en Estocolmo, Suecia. 2do. Lugar: $ 20,000 M.N. 3er. Lugar: $ 15,000 M.N.','http://www.amc.edu.mx/premioagua/index.php','17 de abril de 2017.','2018-03-17','Estudiantes de cualquier estado de la República entre 15 a 20 años de edad (al 31 de mayo de 2016) y que cursen en México secundaria, bachillerato o equivalente. Ningún participante deberá estar cursando estudios de licenciatura. La presentación del trabajo debe ser en inglés, escrito y oral. ','Academia Mexicana de Ciencias (AMC) y Embajada de Suecia.','Fomentar en los jóvenes la conciencia y el conocimiento sobre el valor y la situación del recurso agua. Estimular en los jóvenes el interés por la investigación para conservar el recurso. Promover la generación de futuros líderes del sector con un amplio conocimiento del tema. Promover el trabajo en equipo y el empleo de diversas disciplinas para desarrollar proyectos factibles y con alta calidad técnica.',9,1,1),(45,'XIV Concurso Leamos la Ciencia para Todos 2015-2016 (EST) (C/I/A)','1er. Lugar: $ 10,000 M.N., un vale por $1,000 para libros del FCE y un diploma. 2do. Lugar: $ 9,000 M.N., un vale por $1,000 para libros del FCE y un diploma. 3er. Lugar: $ 8,000 M.N., un vale por $1,000 para libros del FCE y un diploma.','http://www.lacienciaparatodos.mx/concurso.aspx','31 de julio de 2016','2017-07-31','Estudiantes de hasta 25 años de edad y profesores en activo, de cualquier nivel. ','Consejo Nacional de Ciencia y Tecnología (CONACYT) y el Fondo de Cultura Económica (FCE).','Fomentar la lectura y la escritura de textos de contenido científico. ',10,2,2),(46,'Premio Nacional de Periodismo y Divulgación Científica (Varios)','Premio económico, diploma.','http://www.conacyt.gob.mx/index.php/convocatorias-conacyt/convocatorias-conacyt/convocatorias-comunicacion/convocatorias-cerradas-comunicacion/12375-premio-nacional-de-periodismo-cti-convocatoria-2016/file','31 de julio de 2016','2016-07-01','Periodistas, divulgadores nacionales y extranjeros, así como estudiantes de licenciatura o posgrado de instituciones mexicanas de educación superior. ','Consejo Nacional de Ciencia y Tecnología (CONACYT), Academia Mexicana de Ciencias (AMC), Foro Consultivo Científico y Tecnológico (FCCYT) , Sociedad Mexicana para la Divulgación de la Ciencia y la Técnica, A.C  (SOMEDICYT), Sistema de Centros Públicos de Investigación, Consejos y Organismos Estatales de Ciencia y Tecnología. ','Reconocer el trabajo de divulgación dedicado a la ciencia, la tecnología y la innovación en México. Estimular una mayor presencia de la CTI mexicanas en los medios de comunicación del país. Fomentar la participación de la comunidad estudiantil de IES mexicanas, públicas y privadas, en actividades de comunicación y divulgación de la ciencia.',10,1,2),(47,'Premio de Periodismo sobre Innovación Científica y Tecnológica 2016 (Varios)','Categoría Nacional: 1er. Lugar: $50,000 M.N., reconocimiento y obra de arte. 2do. Lugar: una tableta electrónica, reconocimiento y obra de arte. 3er. Lugar: libros editados por el IPN, reconocimiento y obra de arte. Categoría Estado de México: 1er. Lugar: $45,000 M.N., reconocimiento y obra de arte. 2do. Lugar: libros editados por el IPN, reconocimiento y obra de arte. 3er. Lugar: libros editados por el IPN, reconocimiento y obra de arte.','http://comecyt.edomex.gob.mx/files/premioperiodismo_convocatoria.pdf','15 de julio de 2016','2017-06-15','Periodistas mexicanos y extranjeros que publiquen en medios de comunicación impresos y digitales, interesados en la divulgación de los logros nacionales y estatales en materia de innovación científica y tecnológica. ','Clarke Modet & Co. México, el Consejo Mexiquense de Ciencia y Tecnología (COMECYT) y la Asociación Mexicana de Directivos de la Investigación Aplicada y el Desarrollo Tecnológico (ADIAT).','El Premio de Periodismo sobre Innovación Científica y Tecnológica fue instaurado en 2008 entre la ADIAT, Clarke & Modet y el COMECYT, instituciones que han logrado incentivar a periodistas estatales y nacionales a difundir información científica y tecnológica.',10,2,2),(48,'Programa para el Fomento al Patentamiento y la Innovación (PROFOPI) (C/I/A)','Reconocimiento a los 5 desarrollos con mayor potencial innovador, viabilidad e impacto social, además de premios materiales. ','http://www.innovacion.unam.mx/images/eventos/profopi_2016.pdf','12 de febrero de 2016','2017-01-12','Académicos de la UNAM que cuenten con solicitudes de patente tramitadas (a través de la CID o por otra dependencia) dentro del periodo del 7 de enero de 2015 a 11 de diciembre de 2015. Las invenciones sometidas al PROFOPI deberán haber sido desarrolladas en las entidades de la UNAM como parte de la actividad laboral del personal académico de tiempo completo y en cualquier área del conocimiento.','Coordinación de Innovación y Desarrollo (CID) y la Dirección General de Vinculación de la Universidad Nacional Autónoma de México (UNAM).','Promover la innovación tecnológica y la cultura de la propiedad industrial en la UNAM.',11,2,2),(49,'Fundación UNAM a la innovación farmacéutica 2017 (EST) (EGR)',' 1er. Lugar: $200,000.00 (doscientos mil pesos 00/100 M.N.) y apoyo para trabajar por tiempo determinado (hasta un año) en una empresa de los sectores químico farmacéutico o dispositivos para la salud, sujeto a la evaluación que ésta realice. 2do. Lugar: $100,000.00 (cien mil pesos 00/100 M.N.) y apoyo para trabajar por tiempo determinado (hasta un año) en una empresa de los sectores químico farmacéutico o dispositivos para la salud, sujeto a la evaluación que ésta realice. 3er. Lugar: $50,000.00 (cincuenta mil pesos 00/100 M.N.) y apoyo para trabajar por tiempo determinado (hasta un año) en una empresa de los sectores químico farmacéutico o dispositivos para la salud, sujeto a la evaluación que ésta realice.','http://www.quimica.unam.mx/IMG/pdf/CONVOCATORIA_COFEPRIS_PDF.pdf','31 de marzo de 2017','2018-03-31','A todos los alumnos y egresados de la Universidad Nacional Autónoma de México. Podrán los alumnos y egresados, nacionales o extranjeros de las áreas de las Ciencias Físico- Matemáticas y de las Ingenierías, así como de las Ciencias Biológicas, Químicas y de la Salud de la UNAM. La participación podrá ser individual o colectiva.','Fundación UNAM A.C., el Consejo Farmacéutico Mexicano y la Comisión Federal para la Protección contra Riesgos Sanitarios (COFEPRIS). ','Con el propósito de estimular y reconocer la investigación en la innovación farmacéutica y dispositivos para la salud. ',12,1,1),(50,'Premio CANIFARMA (C/I/A)','1er. Lugar: $150,000 M.N. 2do. Lugar: $100,000 M.N. 3er. Lugar: $50,000 M.N., y un diploma en cada caso.','http://canifarma.org.mx/premioCANIFARMA2016_convocatoria.html','15 de agosto de 2015 (próxima apertura, segundo semestre 2016)','2016-07-15','Investigadores que realizan Investigación básica, clínica y tecnológica, sobre medicamentos, dispositivos médicos y desarrollos biotecnológicos de uso humano.','Cámara Nacional de la Industria Farmacéutica (CANIFARMA) y el Consejo Nacional de Ciencia y Tecnología (CONACYT).','Vincular el quehacer de la comunidad científica de México con el desarrollo de la Industria Farmacéutica y estimular que se realice investigación básica, clínica y tecnológica, relacionada con medicamentos, dispositivos médicos y desarrollos biotecnológicos de uso humano. El Premio CANIFARMA se otorga a los mejores trabajos de las áreas de: Investigación básica, de investigación clínica y de investigación tecnológica, relacionada con los medicamentos, dispositivos médicos y desarrollos biotecnológicos para uso humano, en áreas de interés para la industria farmacéutica que mejore la salud de la población de nuestro país.',12,1,2),(51,'Premio Carlos Slim en Salud (C/I/A) (PM)','Dos categorías: Institución Excepcional y Trayectoria en Investigación.$ 100,000 USD por categoría. ','http://www.salud.carlosslim.org/premios-carlos-slim-de-la-salud/','31 de octubre de 2016','2016-10-31','Personas e instituciones dedicadas a la investigación en salud, cuyos trabajos han permitido la generación de soluciones innovadoras para los principales retos en materia de salud pública de la región.','Instituto Carlos Slim.','Reconocer a las personas e instituciones comprometidas con el mejoramiento de los niveles de salud de la población de América Latina, cuyo compromiso se ha cristalizado en la generación de soluciones para resolver los principales retos en materia de salud pública que enfrenta la región, ya sea a través de la investigación, la innovación en programas de atención, o el desarrollo de estrategias y bienes públicos.',12,2,2),(52,'Premios al Mérito (C/I/A)','Medalla de oro, diploma y una cantidad en numerario.','http://csg.gob.mx/descargas/pdfs/2017/Convocatoria_Dia_Mundial_Salud_2017.pdf','01 de marzo de 2017','2017-02-01','Condecoración Eduardo Liceaga de Ciencias Médicas y Administración Sanitario Asistencial; Doctor Miguel Otero de Investigación Clínica; Doctor Gerardo Varela de Salud Pública; Doctor Manuel Velasco Suarez de Neurología y Neurocirugía; Doctor Ramón de la Fuente Muñiz de Salud Mental; Doctor Martin de la Cruz de Investigación Química y Biológica. ','Secretaria de Salud y Consejo de Salubridad General.','A las Instituciones de salud, de Educación Superior, Academias, Sociedades Científicas, Colegios de Profesionistas y Consejos de Especialidades de las áreas de Salud A PROPONER al o los candidatos que hayan contribuido de manera relevante y distinguida en favor de la salud de la población mexicana. ',12,1,2),(53,'Premio Miguel Alemán Valdés en el área de la salud (JI/PG)','$400,000 M.N., medalla y diploma. ','http://www.gob.mx/cms/uploads/attachment/file/102359/BASES_XXXPremioMAV_FMA_UNAM_SESESACDMX_Cinvestav.pdf','29 de julio de 2016','2017-06-29','El PREMIO será concedido a una persona de nacionalidad mexicana, no mayor de 40 años de reconocido prestigio profesional, que haya contribuido al conocimiento científico universal, al avance tecnológico o al desarrollo de las ciencias en el campo de la salud.','Fundación Miguel Alemán Valdés.','Reconocimiento a la labor científica y tecnológica en materia de salud realizada por investigadores. Además, se pretende incentivar a investigadores jóvenes dedicados a las actividades científicas, tecnológicas y de innovación en materia de salud, se promueve también la excelencia en nuestro país en el avance del conocimiento, la prevención y el control de padecimientos que afectan o puedan llegar a afectar a la población.',12,2,2),(54,'Premio Nacional de Investigación (biomédica) (C/I/A)','1er. Lugar: $150,000 M.N. 2do. Lugar: $100,000 M.N.','http://www.pni-gsk.com.mx/ConvocationPNI','No disponible',NULL,'Investigadores nacionales o extranjeros residentes en México, que realicen investigación en centros de investigación e instituciones nacionales de salud públicos o privados.','Fundación GSK y Fundación Mexicana para la Salud (FUNSALUD).','Estimular la investigación biomédica en México, así como la investigación en economía de la salud. ',12,NULL,NULL),(55,'Reconocimientos AMIPCI (PF) (PM)','No disponible','http://amipci.centralmedia.mx/bases.php','15 de noviembre de 2016 (próxima apertura, segundo semestre 2017)','2017-10-15','Instituciones públicas y privadas, organizaciones sociales y personas físicas. El reconocimiento se entrega a las categorías de: campaña publicitaria en medios digitales; sitios web de comercio electrónico; páginas de entretenimiento; premio a la innovación en tecnologías y diseño de vanguardia; la mejor página gubernamental; el mejor sitio de sistemas financieros; portal noticioso; estrategia de redes sociales; generación de aplicaciones móviles. Aportación destacada a una persona física.','Asociación Mexicana de Internet (AMIPCI).','Fomentar el uso de las más avanzadas tecnologías, la creatividad de los empresarios mexicanos en Internet y las iniciativas innovadoras que alimentan la idea de que Internet sea una mejor experiencia para todos los mexicanos. ',13,1,2),(56,'Las 50 empresas más innovadoras (E&E)','Un lugar en el ranking de las 50 empresas más innovadoras.','http://www.lasmasinnovadoras.com/sectorprivado/bases/','30 de abril de 2017','2018-03-30','Podrán participar todas las compañías en México, de todos los tamaños: pequeña, mediana y corporativos. Ningún proveedor de tecnología puede registrar un proyecto o solución.','Netmedia Research (se difunde a través de la revista InformationWeek México).','Convocar a empresas que han logrado hacer de las tecnologías de la información un elemento estratégico para generar valor entre sus clientes y empleados. ',13,1,1),(57,'Premio Estatal de Ciencia y Tecnología 2016 de Baja California (PF)','Cada premio consistirá en un reconocimiento y una remuneración económica cuyo monto no podrá ser menor de tres mil veces el salario mínimo general vigente en el Estado. ','http://www.bajacalifornia.gob.mx/sedeco/documentos/premio/2016/CONVOCATORIA%20PECYT%202016%20v3%20(002).pdf','25 de noviembre de 2016 (próxima apertura, segundo semestre 2017)','2017-08-25','A las dependencias y entidades de la administración pública federal, estatal y municipal, a las universidades e instituciones de educación superior, a los institutos y centros de investigación, academias, asociaciones culturales y científicas, a los colegios y asociaciones de profesionistas, organizaciones privadas, civiles e instituciones y centros vinculados con la actividad científica y tecnológica, así como a organismos productivos, cámaras y núcleos empresariales o individuos que a título personal desean participar, para QUE PROPONGAN a quien o quienes se estime con merecimientos. ','Gobierno del Estado de Baja California y el Consejo Estatal de Ciencia e Innovación Tecnológica (COCIT-BC).','Reconocimiento público al trabajo realizado de manera individual o colectiva por científicos o tecnólogos bajacalifornianos o residentes en la Entidad, cuya obra sea relevante en estos ámbitos y por ello se haga acreedora de distinción.  ',14,1,2),(58,'ExpoCiencias Sudcaliforniana 2017 (EST)','Todos los participantes recibirán su constancia de participación. Reconocimientos de primeros lugares, en cada área y categoría, a los trabajos que obtengan las puntuaciones más altas, y obtendrán la acreditación oficial para formar parte de las delegaciones de jóvenes y niños investigadores a la Expociencias Nacional.','https://www.cibnor.gob.mx/images/stories/eventos/expociencias/Convocatoria_ExpoCiencias_2017.jpg','23 de abril de 2017','2018-03-23','Niños y jóvenes estudiantes de Baja California Sur interesados en el desarrollo y presentación de trabajos de divulgación, innovación y/o investigación en ciencias exactas, sociales y/o tecnología.','Centro de Investigaciones Biológicas del Noroeste (CIBNOR), COSCYT y SEP a través de la RED Nacional de Actividades Juveniles en Ciencia y Tecnología y el Movimiento Internacional para el Recreo Científico y Técnico MILSET.','Promover la participación de niños y jóvenes a través de proyectos científicos y técnicos de investigación, innovación y divulgación; permitiendo también la participación de instituciones y empresas dedicadas a la educación, así como divulgadores y profesores.',15,1,1),(59,'Reconocimiento al Mérito Estatal de Investigación 2015 (PF) (PM)','Diploma, medalla y $50,000 pesos M.N., en cada una de sus primeras 3 categorías y diploma y medalla en categorías 4 y 5.','http://www.cocytech.gob.mx/media/convocatorias/2016/convocatoria-rmei-2016-iv.pdf','9 de diciembre de 2016','2017-11-30','Persona Física o Moral de reconocida solvencia y honorabilidad profesional y prestigio público, chiapaneco radicado en el estado al menos 10 años.','Gobierno del estado y Consejo de Ciencia y Tecnología del Estado de Chiapas.','Reconocimiento a haber destacado en sus aportaciones originales en cualquier campo de la ciencia y la tecnología, haber contribuido con su obra al conocimiento y a la resolución de las necesidades esenciales y el desarrollo de Chiapas y el país. ',16,1,2),(60,'4to. Encuentro de jóvenes investigadores de IES del Estado de Chihuahua (EST) (EGR)','Presentación oral: 1er. Lugar: $5, 000.00 pesos M.N. 2do. Lugar: $4, 000.00 pesos M.N. 3er. Lugar: $3, 000.00 pesos M.N. Cartel: 1er. Lugar: $3, 000.00 pesos M.N. 2do. Lugar:  2, 000.00 pesos M.N. 3er. Lugar: $1, 000.00 pesos M.N.','http://jovenesinvestigadores.uach.mx/pdf/Convocatoria_4_Encuentro_de_Jovenes_investigadores_de_IES_del_estado_de_Chihuahua_2016.pdf','25 de mayo de 2016','2017-04-25','Jóvenes estudiantes de IES públicas y privadas del Estado de Chihuahua, cursando los últimos semestres de su licenciatura o ingeniería, así como aquellos que tengan máximo 6 meses de haber egresado.  ','Universidad Autónoma de Chihuahua y Consejo Nacional de Ciencia y Tecnología (CONACYT).','Despertar y fortalecer la creatividad e innovación de los estudiantes de los últimos semestres de licenciatura fomentando su vocación científica, generando experiencias de aprendizaje a través del desarrollo de competencias de comunicación oral y escrita, propiciando su interacción con profesores investigadores de las IES participantes, coadyuvando de esta manera al aseguramiento de la calidad educativa, al fortalecimiento de las capacidades para la generación y aplicación innovadora del conocimiento y el fomento a la colaboración e intercambio académico entre campus y Dependencias de Educación Superior de la Universidad así como con otras Instituciones de Educación Superior del Estado de Chihuahua. Además, se tiene como propósito incentivar a los jóvenes estudiantes a realizar trabajos de investigación o desarrollo tecnológico, como alternativa de titulación, y de manera paralela lograr despertar en ellos el interés de continuar con estudios de posgrado, de manera preferencial en aquellos reconocidos dentro del Programa Nacional de Posgrados de Calidad (PNPC). ',17,2,2),(61,'Feria de Ciencias e Ingenierías Estado de Chihuahua 2016 (EST)','Reconocimientos y premios especiales de los patrocinadores, y se cubrirán los gastos de transportación, hospedaje y alimentación de estudiantes y asesores finalistas.','http://i2c.com.mx/documentos/fenaci_convocatoria.pdf','15 de abril de 2016','2017-03-15','Jóvenes inscritos en instituciones educativas cuya edad se encuentre entre los 14 años y hasta aquéllos que hayan cumplido los 22 años al 25 de julio de 2016.','El Consejo Nacional de Ciencia y Tecnología (CONACYT) y el Instituto de Innovación y Competitividad.','Impulsar la investigación científica y tecnológica entre los jóvenes en los diferentes sistemas educativos de la entidad, así como fomentar las vocaciones científicas.',17,2,2),(62,'Premio Estatal de Ciencia, Tecnología e Innovación Chihuahua 2015 (Varios)','Se entregaran 3 premios por área estratégica en cada una de las siguientes categorías: ciencia, tecnología e innovación. I.- Premio a los investigadores ganadores. Premio especial por trayectoria: I.- Premio al investigador ganador.','http://i2c.com.mx/documentos/convocatoria_Premio2015.pdf','04 de marzo de 2016 ','2017-02-04','A la comunidad científica y tecnológica y al público en general del Estado de Chihuahua a presentar su candidatura en el área estratégica y categoría de su actividad, que hayan participado en la formación de Recursos Humanos de Alto Nivel, publicado artículos en revistas científicas y que hayan realizado proyectos de investigación y/o desarrollo tecnológico e innovación, en el periodo comprendido del año 2013 al cierre de ésta convocatoria, cuyos resultados tengan impacto social y económico relevante en el Estado de Chihuahua y que contribuyan a la solución de problemas regionales.','Gobierno del Estado de Chihuahua a través de la Secretaría de Economía.','Con el propósito de reconocer las actividades científicas y tecnológicas con un impacto significativo en la entidad.',17,2,2),(63,'Premio Estatal Emprendedor 2016 (EST) (Varios)','1er. Lugar: $200, 000.00 M.N. 2do. Lugar: $120, 000.00 M.N. 3er. Lugar: $50,000.00 M.N.','http://www.chihuahuaemprendedor.mx/public/files/bases.pdf ','02 de mayo de 2016','2017-04-02','A jóvenes universitarios y la comunidad en general, de 18 años en adelante, de forma individual o en grupo, radicados en el Estado de Chihuahua. ','Gobierno del Estado de Chihuahua a través de la Secretaría de Economía, en coordinación con IES y representantes del sector empresarial de Chihuahua.','Reconocer a las ideas y modelos de negocios más innovadores impulsados por emprendedores chihuahuenses, con la finalidad de fomentar el espíritu emprendedor, generar empleo y crear riqueza en el Estado de Chihuahua.',17,2,2),(64,'3er Concurso regional de Emprendimiento Social en Ciencia y Tecnología “Soluciones para el Futuro” (EST)','No disponible','http://solucionesparaelfuturo.com.mx/convoca/convocatoria-spf2016','09 de septiembre de 2016','2016-08-09','Podrán participar todos los alumnos de las 119 Escuelas Secundarias Técnicas públicas de 1°, 2° y 3er grado que cursan la asignatura de tecnología, en cualquiera de sus campos y énfasis tecnológicos','Consejo de la Comunicación, Samsung México, Dirección General de Educación Secundaria Técnica. ','Fomentar en los alumnos la adquisición de una cultura tecnológica emprendedora, a través de su participación en este Concurso. Desarrollar Proyectos de Innovación Tecnológica, en un contexto de emprendimiento social. Propiciar el uso responsable de la tecnología, en el marco de la sustentabilidad. Motivar la creatividad en el planteamiento de alternativas de solución y mejora de las condiciones sociales y culturales del entorno natural y social.',18,1,2),(65,'Premio de Ingeniería de la Ciudad de México (Varios)','Diploma de honor, medalla y estatuilla alusiva. La obra será divulgada y el gobierno impulsará su aplicación (si procede).','http://premiodeingenieria2016.cdmx.gob.mx/bases.html','31 de mayo de 2016','2017-05-31','Las entidades públicas del Gobierno de la Ciudad de México, a las empresas de los sectores público y privado, a las cámaras Industriales, a los colegios y asociaciones de ingenieros, a las asociaciones de técnicos especializados, a las sociedades de egresados de carreras de ingeniería, a las escuelas y facultades de Ingeniería, a los centros e institutos de posgrado e investigación, a los estudiantes de ingeniería de nivel posgrado y, en general, a los ingenieros de la Ciudad de México para PROPONER CANDIDATOS.  ','Gobierno de la Ciudad de México, Secretaría de Obras y Servicios y, Sistema de Transporte Colectivo.','Reconocer el esfuerzo y talento de los ingenieros que hubiesen realizado algún evento notable en beneficio de los habitantes de la Ciudad de México, lo que además, deberá contribuir al enaltecimiento de la profesión de la ingeniería.',18,2,2),(66,'Proyectos Científicos, Tecnológicos y/o de Innovación (PF) (PM)','El monto destinado por proyecto podrá ser de hasta 15 millones de pesos (IVA incluido).','http://www.seciti.cdmx.gob.mx/16-convocatorias/1108-convocatoria-2016-para-presentar-proyectos-cientificos-tecnologicos-y-o-de-innovacion','29 de abril de 2016','2017-03-29','Toda persona física y moral, tanto pública como privada que desee enviar propuestas.','Secretaría de Ciencia, Tecnología e Innovación de la Ciudad de México (SECITI).','Seleccionar, evaluar y autorizar proyectos científicos, tecnológicos y de innovación, orientados a resolver algún problema específico de la ciudad de México, y otorgamiento de apoyo económico para su operación y conclusión.  ',18,2,2),(67,' ExpoCiencias Coahuila Chihuahua 2017 (EST)','Obtener acreditación para participar en la ExpoCiencias Nacional representando a Coahuila y a Chihuahua. Los 2 proyectos con mayor puntaje obtendrán su PASE DIRECTO, representando a la Delegación Mexicana en la ExpoCiencias Internacional 2017.','http://www.expociencias.net/assets/cexpocc2017.pdf',' 19 de abril de 2017','2018-03-29','A todos los jóvenes interesados en el desarrollo y presentación de proyectos científicos y técnicos. ','El Instituto Tecnológico de la Laguna, Industrias Met-Mex Peñoles, CANIETI y el Instituto Británico de Torreón a través de la RED Nacional de Actividades Juveniles en Ciencia y Tecnología y el Movimiento Internacional para el Recreo Científico y Técnico MILSET.','Promover la participación de niños y jóvenes a través de proyectos científicos y técnicos de investigación, innovación y divulgación; permitiendo también la participación de instituciones y empresas dedicadas a la educación, así como divulgadores y profesores.',19,1,1),(68,'ExpoCiencias Durango 2016 (EST)','Diploma de participación y premios para los primeros lugares en cada área y categoría. Los 5 mejores proyectos obtendrán acreditación para participar en la ExpoCiencias Nacional 2016.','http://www.expociencias.net/CExpoDurango2016.pdf','22 de abril de 2016','2017-03-22','A todos los niños y jóvenes del estado de Durango interesados en el desarrollo y presentación de proyectos científicos y técnicos. ','El Gobierno del Estado de Durango, Ciencia Infinita y el Instituto Tecnológico de Durango a través de la RED Nacional de Actividades Juveniles en Ciencia y Tecnología y el Movimiento Internacional para el Recreo Científico y Técnico MILSET. ','Promover la participación de niños y jóvenes a través de proyectos científicos y técnicos de investigación, innovación y divulgación; permitiendo también la participación de instituciones y empresas dedicadas a la educación, así como divulgadores y profesores.',20,2,2),(69,'Feria de Ciencias e Ingenierías Estado de Durango 2016 (EST)','Reconocimientos y premios especiales de los patrocinadores, y se cubrirán los gastos de transportación, hospedaje y alimentación de estudiantes y asesores finalistas.','http://goo.gl/8pIKfO','12 de mayo de 2016','2017-04-12','Jóvenes inscritos en instituciones educativas cuya edad se encuentre entre los 14 años y hasta aquéllos que hayan cumplido los 22 años al 25 de julio de 2016.','El Consejo Nacional de Ciencia y Tecnología (CONACYT) y el Consejo de Ciencia y Tecnología del Estado de Durango (COCYTED). ','Impulsar la investigación científica y tecnológica entre los jóvenes en los diferentes sistemas educativos del estado de Durango, así como fomentar las vocaciones científicas.',20,2,2),(70,'Premio Estatal de Ciencia, Tecnología e Innovación 2016 Durango (PF)','Reconocimiento y estímulo único de $ 25,000 M.N.','http://cocyted.mx/Convocatorias/Estatales/CONVOCATORIA_PECTI_2016.pdf','30 de septiembre de 2016 (próxima apertura, segundo semestre 2017)','2017-08-30','A las Instituciones de Educación Superior, Centros de Investigación, Empresas, Instancias de Gobierno y Organizaciones No Gubernamentales del Estado de Durango, A PRESENTAR CANDIDATOS que hayan realizado proyectos de investigación y/o desarrollo tecnológico e innovación en el periodo comprendido en los últimos 3 años (1 de septiembre 2011 al 31 de agosto 2014), cuyos resultados tengan pertinencia e impacto sustancial para la solución de problemas en el estado de Durango.','Gobierno del Estado de Durango y Consejo de Ciencia y Tecnología del Estado de Durango (COCYTED). ','Reconocer y premiar a los duranguenses que desarrollen ciencia, tecnología e innovación para favorecer sectores estratégicos de la entidad.',20,1,2),(71,'Concurso del Universitario Emprendedor (EST) (EGR) (JI/PG)','No disponible         ','http://www.concursoemprendedoruaemex.com/XIV/home/index/index','31 de marzo de 2017','2017-01-20','A la comunidad universitaria de los niveles, medio superior, superior y posgrado, y a egresados con menos de un año, de los distintos programas de estudio. ','Universidad Autónoma del Estado de México.','Premiar propuestas de emprendimiento en el formato de Modelo de Negocios en las Categorías: Innovación tecnológica, proyecto verde, proyecto social y tecnología intermedia o básica.',21,1,1),(72,'Feria de Ciencias e Ingenierías Estado de México (FECIEM) 2016 (EST)','Reconocimiento y medalla. ','http://comecyt.edomex.gob.mx/feria-mexicana-ciencias-e-ingenierias',' 29 de marzo de 2017','2017-03-29','A estudiantes inscritos en instituciones educativas de niveles: básico (secundaria), medio superior y superior, públicas o privadas, establecidas en el Estado de México. ','Gobierno del Estado a través del Consejo Mexiquense de Ciencia y Tecnología (COMECYT).','Promover, detectar y reconocer las vocaciones científicas y tecnológicas para impulsar el desarrollo de la ciencia y la tecnología en la entidad, entre 13 y 23 años cumplidos. ',21,1,1),(73,'Premio Estatal de Ciencia y Tecnología 2016 del Estado de México (C/I/A) (PM) (E&E)','Medalla de oro y $200,000.00 M.N., para cada una de las áreas y categorías. ','http://comecyt.edomex.gob.mx/files/pecyt_convocatoria2016.pdf','20 de octubre de 2016','2016-09-20','A las universidades e instituciones de educación superior, a los institutos y centros de investigación, a las academias y asociaciones científicas, a los colegios y asociaciones de profesionistas, a las organizaciones empresariales, a investigadores, tecnólogos y a la sociedad mexiquense en general A REGISTRAR AL CANDIDATO O CANDIDATOS.','Consejo Mexiquense de Ciencia y Tecnología (COMECYT) y Gobierno del Estado de México.','Reconocer las obras o actos de investigadores y tecnólogos, cuyos resultados sean de alto impacto, así como relevantes en el desarrollo y fortalecimiento de la ciencia y la tecnología y, que sean la expresión de una trayectoria ejemplar. Reconocer las aportaciones orientadas a la innovación y al desarrollo de nuevos productos, materiales, procesos o sistemas de manufactura, de las personas físicas y jurídicas colectivas con actividad industrial, que promuevan la aplicación de conocimientos y avances tecnológicos.',21,1,2),(74,'Premio a Jóvenes Inventores e Innovadores del Estado de México (EST)','$50,000 M.N., diploma y un curso presencial. ','http://intranet.comecyt.edomex.gob.mx/ceati/jovenes-inventores','3 de julio de 2017','2017-06-03','A los estudiantes mexiquenses inscritos en instituciones de educación superior públicas y privadas establecidas en el Estado de México,  que de manera individual o grupal hayan realizado proyectos orientados a la mejora de productos, procesos, servicios organizativos y de mercado, los cuales posean un contenido significativo de desarrollo tecnológico e innovación para la entidad.','Consejo Mexiquense de Ciencia y Tecnología (COMECYT) y Gobierno del Estado de México.','Con la finalidad de estimular y reconocer las actividades de invención e innovación que contribuyan al desarrollo científico y tecnológico de la entidad.',21,1,1),(75,'11 Concurso de Creatividad e Innovación (EST)','1er lugar: constancia y estímulo económico de $10, 000 M.N. 2do lugar: constancia y estímulo económico de $7, 000 M.N. 3er lugar: constancia y estímulo económico de $5, 000 M.N. Solicitud de Propiedad Industrial ante el IMPI.','https://www.ugto.mx/images/eventos/22-08-16/11vo-concurso-creatividad-innovacion-universidad-guanajuato-ug-ugto.pdf','19 de agosto de 2016','2016-05-23','Podrán participar todos los alumnos ordinarios inscritos en la Universidad de Guanajuato durante la vigencia de la convocatoria. ','Universidad de Guanajuato.','Impulsar la capacidad creativa e inventiva de los alumnos de la Universidad de Guanajuato, mediante iniciativas sociales, económicas, tecnológicas o de cultura que den respuesta a necesidades locales, regionales y nacionales.',22,1,2),(76,'IX Premio a la Innovación Tecnológica Guanajuato 2016 (EST) (JI/PG) (C/I/A) (E&E)','1er. lugar: reconocimiento y $50,000 M.N. 2do. lugar: reconocimiento y $30,000 M.N. 3er. lugar: reconocimiento y $20,000 M.N.','http://concyteg.gob.mx/premioinnovacion/resources/CONVOCATORIA%20IX%20PREMIO%20CONCYTEG_FINAL.pdf','29 de julio de 2016','2017-06-29','Empresarios, investigadores y estudiantes de nivel licenciatura y posgrado del Estado de Guanajuato. ','Secretaria de Innovación, Ciencia y Educación Superior.','Para dar a conocer las capacidades tecnológicas e innovadoras que se desarrollan en el Estado de Guanajuato, tanto en la academia como en el sector empresarial, generando espacio y oportunidad a los emprendedores tecnológicos e investigadores de nuestra entidad.',22,2,2),(77,'Feria de Ciencias e Ingenierías Hidalgo 2016 (EST)','Reconocimiento y premios especiales.  ','http://citnova.gob.mx/categorydifusion-y-divulgacion/','10 de mayo de 2016','2017-04-10','Jóvenes inscritos en instituciones educativas cuya edad se encuentre entre los 14 años y hasta aquellos que hayan cumplido los 22 años al 25 de julio de 2016.','Consejo Nacional de Ciencia y Tecnología (CONACYT) y el Consejo de Ciencia, Tecnología e Innovación de Hidalgo (CITNOVA). ','Promover, detectar y reconocer las vocaciones científicas y tecnológicas para impulsar el desarrollo de la ciencia y la tecnología en la entidad, entre 13 y 23 años cumplidos. ',23,2,2),(78,'Premio Hidalgo de Ciencia, Tecnología e Innovación (Varios)','Medalla de oro. Reconocimiento. Entrega en numerario. Publicación de las propuestas ganadoras.','http://citnova-apps.hidalgo.gob.mx/premioh15/convocatoria.php','10 de agosto de 2016','2016-05-09','A la comunidad científica, tecnológica, innovadora y al público en general del Estado de Hidalgo a presentar proyectos desarrollados de manera individual o colectiva, sobre investigación científica, desarrollo tecnológico e innovación, cuyos resultados tenga impacto sustancial y relevante para el Estado y que contribuyan a la solución de problemas locales o regionales en todas las áreas del conocimiento.','El Gobierno del Estado de Hidalgo a través del Consejo de Ciencia, Tecnología e Innovación de Hidalgo (CITNOVA).','Reconocimiento a proyectos desarrollados de manera individual o colectiva, sobre investigación científica, desarrollo tecnológico e innovación, cuyos resultados tenga impacto sustancial y relevante para el Estado y que contribuyan a la solución de problemas locales o regionales en todas las áreas del conocimiento.',23,1,2),(79,'ExpoCiencias Occidente (Colima-Jalisco) 2016 (EST)','SOLACYT a través de convenios con las diversas ferias científicas acreditará a sus ganadores a participar en: a) ExpoCiencias Nacional 2016 Villahermosa, Tabasco. b) ExpoCiencias Internacional 2017 c) Infomatrix.','http://www.expociencias.net/CExpoOccidente2016.pdf','27 de mayo de 2016','2017-04-27','Los investigadores infantiles y juveniles de los Estados de Colima y Jalisco (tener entre 5 y 24 años de edad). ','Sociedad Latinoamericana de Ciencia y Tecnología (SOLACYT) a través de Código Ciencia y con el Aval del Movimiento Internacional para el Recreo Científico y Técnico de América Latina (MILSET-AMLAT), La Red Nacional de Actividades Juveniles en Ciencia y Tecnología (La RED), el Consejo Nacional de Ciencia y Tecnología (CONACYT), La Universidad Popular Autónoma del Estado de Puebla (UPAEP) y la Organización Iberoamericana de Ciencias.','Promover la participación de niños y jóvenes a través de proyectos científicos y técnicos de investigación, innovación y divulgación; permitiendo también la participación de instituciones y empresas dedicadas a la educación, así como divulgadores y profesores.',24,2,2),(80,'Premio COPARMEX Jalisco Emprendedor Edición 2016 (E&E)','$100,000 M.N., e impulso del proyecto con el apoyo de un empresario y mentor. ','http://www.premioemprendedor.org.mx','La fecha límite para el registro se define por la coordinación del Premio y será informada a través portal web. ',NULL,'Podrán participar emprendedores con idea de negocio o proyectos con un máximo de 2 años en operación. ','Confederación Patronal de la República Mexicana (COPARMEX) Jalisco.','Reconocer e impulsar a emprendedores que cuenten con proyectos de alto impacto, innovación, con responsabilidad social y / o que contribuyan a la generación de empleos. Estimular la generación de más y mejores empresas para Jalisco, acorde a la misión de Coparmex Jalisco. Promover la formación permanente de empresarios, a través de la difusión de la cultura emprendedora en la zona de influencia de Coparmex Jalisco. Desarrollar a diez emprendedores finalistas a través del acompañamiento de una empresa padrino y de un tutor que coadyuvarán en el desarrollo del proyecto para que se consolide y concurse por ganar el incentivo económico. ',24,NULL,NULL),(81,'Premio Estatal de Innovación, Ciencia y Tecnología del Estado de Jalisco 2015-2016 (Varios)','Equivalente de 1500 salarios mínimos diarios vigentes y reconocimiento ganador (es) de cada una de las Categorías de CIENCIA, TECNOLOGÍA, INNOVACIÓN y DESARROLLO DEL CONOCIMIENTO. Equivalente de 1000 salarios mínimos diarios vigentes y reconocimiento a ganador (es) para cada una de las Categorías de TESIS, INVESTIGACIÓN TEMPRANA Y DIVULGACIÓN.','http://info.jalisco.gob.mx/sites/default/files/programas/convocatorio_del_premio_estatal_2015-2016_periodico_oficial.pdf','31 de agosto de 2016','2016-07-31','A la comunidad científica y tecnológica y al público en general del Estado de Jalisco a presentar candidatos alumnos, científicos, empresarios, tecnólogos y público en general que de manera individual o en equipo, hayan realizado y concluido proyectos de investigación y/o desarrollo tecnológico e innovación en el periodo comprendido en los últimos tres años: 01 de enero 2013 al 31 de agosto de 2016, cuyos resultados tengan impacto sustancial y relevante en el Estado de Jalisco y que contribuyan a la solución de problemas locales o regionales. ','Gobierno del estado de Jalisco por conducto de la Secretaria de Ciencia y Tecnología (SICYT Jalisco). ','Reconocer a los académicos, investigadores, tecnólogos y/o alumnos que resulten ganadores por la calidad de sus proyectos de investigación, divulgación, innovación y desarrollo tecnológico, que han impactado en la entidad y contribuyen a la solución de problemas regionales.',24,1,2),(82,'TREPCAMP (EST) (EGR) (JI/PG)','Beca de 100% para participar en el programa TREPCAMP México-Estados Unidos.','http://ijaldem.com/trepcamp/','29 de febrero de 2016','2017-01-29','Jóvenes emprendedores de 18 a 30 años, o que deseen emprender, residentes en cualquiera de los municipios del Estado y que se encuentren estudiando o sean recién egresados de licenciatura, maestría o doctorado en Jalisco.','Gobierno del Estado de Jalisco, Secretaría de Desarrollo Económico y el Instituto Jalisciense del Emprendedor.','Fomentar el emprendimiento de alto impacto en sectores estratégicos del Estado, fortaleciendo y desarrollando las capacidades, actitudes y habilidades emprendedoras. ',24,2,2),(83,'ExpoCiencias Michoacán 2016 (EST)','Los ganadores participarán en: a) ExpoCiencias Nacional 2016 en Villahermosa Tabasco b) ExpoCiencias Internacional 2017 BRASIL','http://www.expociencias.net/CExpoMich2016.pdf','10 de septiembre de 2016','2016-08-10','Estudiantes de Michoacán interesados en el desarrollo y presentación de proyectos científico-tecnológicos. ','Movimiento Internacional para el Recreo Científico y Técnico de América Latina (MILSET AMLAT), La Red Nacional de Actividades Juveniles en Ciencia y Tecnología (La RED), y el Consejo Nacional de Ciencia y Tecnología (CONACYT), Instituto de Estudios Superiores de Estagira, Educare Play, Fomento Cultural Mundinovi A.C., Instituto Antonio Plancarte de Morelia, Mich., El Instituto de la Juventud. ','Promover la participación de niños y jóvenes a través de proyectos científicos y técnicos de investigación, innovación y divulgación; permitiendo también la participación de instituciones y empresas dedicadas a la educación, así como divulgadores y profesores.',25,2,2),(84,'Premios Estatales de Ciencia, Tecnología e Innovación del Estado de Michoacán (Varios)','Modalidad Ciencia, Modalidad Tecnología, Modalidad Divulgación , Modalidad Vinculación, 5. Reconocimiento a la innovación. $50,000.00 (excepto 5.), una estatuilla y un reconocimiento.','http://cecti.homelinux.org/premios/','06 de julio de 2015  (próxima apertura, segundo semestre 2016)','2016-06-06','Investigadores que realicen investigación en Michoacán. Empresas legalmente establecidas en Michoacán. Dirigido a instituciones educativas, centros de investigación, asociaciones y cámaras empresariales, empresas, organizaciones no gubernamentales establecidas en Michoacán. Dirigido a los tecnólogos. Reconocer la labor de los divulgadores de la ciencia y la tecnología en Michoacán (depende de la modalidad es a quién va dirigida).','Gobierno del Estado de Michoacán a través del Consejo Estatal de Ciencia, Tecnología e Innovación (CECTI).','Reconocer y estimular la investigación y el desarrollo científico en la entidad en aquellas investigadoras y en aquellos investigadores que se han destacado por su contribución en el desarrollo de la ciencia, así como su influencia académica en la obtención de altos estándares de calidad, productividad y competitividad en nuestro Estado.',25,NULL,NULL),(85,'Reconocimiento al Mérito Estatal de Investigación (REMEI-Morelos) (EST) (JI/PG) (C/I/A)','$50,000 M.N. para cada una de las categorías (Excepto tesis de investigación: licenciatura 10 mil, maestría 15 mil y doctorado 25 mil pesos).','http://www.remei.morelos.gob.mx/convocatoria.php','12 de octubre de 2016','2016-09-21','A las Instituciones de Educación Superior, a los Institutos y Centros de Investigación, Empresas, y Organismos vinculados con la actividad Científica y Tecnológica a PRESENTAR CANDIDATOS (científicos o tecnólogos).','Secretaría de Innovación, Ciencia y Tecnología del Estado de Morelos. ','Tiene por objeto reconocer y estimular la investigación científica y tecnológica de calidad, su promoción y difusión, realizada por el científico y tecnólogo que de forma individual o por equipo, su obra en estos campos los haga acreedores a tal distinción.',26,1,2),(86,'TecnoCemiTT 2016 (EST) (JI/PG)','Ejecución del proyecto: de la idea a la empresa.','http://pbs.twimg.com/media/Cb_bQF6UYAAdgzM.jpg:large','19 de febrero de 2016','2017-01-19','Alumnos de nivel medio superior, superior y posgrado con matrícula vigente de Instituciones de Educación Superior (IES) o Centros de Investigación del estado de Morelos; en equipos de entre 3 y 5 estudiantes, asesorados por un profesor o investigador.','Secretaría de Innovación, Ciencia y Tecnología del Estado de Morelos (SICyT), el Consejo de Ciencia y Tecnología del Estado de Morelos (CCyTEM) y el Centro Morelense de Innovación y Transferencia Tecnológica (CemiTT).','Desarrollar y comercializar proyectos tecnológicos e innovadores (electrónicos de consumo) a través de la creación de Empresas de Base Tecnológica (Start Up) de emprendedores del Estado de Morelos. Lo anterior, bajo una formación específica de alto nivel basado en un análisis personalizado para desarrollar su proyecto, la viabilidad del negocio y posterior búsqueda de financiamiento para lograr la comercialización del mismo.',26,2,2),(87,'Medalla Nayarit al mérito 2016 (Varios)','Medalla de oro y diploma.','http://www.congresonayarit.mx/media/2804/convocatoria-medalla-nayarit-al-merito-2016.pdf','18 de abril de 2016','2017-03-18','Personas cuyas actividades de merecimiento hayan tenido alguna repercusión de beneficio para el estado de Nayarit, siendo nativos o avecindados en la entidad.','Gobierno del Estado de Nayarit a través de la comisión especial de condecoraciones, ceremonial y protocolo del H. congreso del Estado de Nayarit.','Reconocer y estimular la investigación de calidad, su promoción y difusión, realizada por instituciones, empresas e investigadores nayaritas que se distingan por su desempeño relevante en la Entidad, cuya obra en estos campos se haga acreedora de tal distinción.',27,2,2),(88,'Premio de Investigación UANL (EST) (C/I/A)','$ 125,000 M.N. para el autor responsable del trabajo seleccionado, la misma cantidad será entregada al Dpto. de la UANL al cual pertenezca el investigador. ','http://www.premioinvestigacion.uanl.mx','10 de febrero de 2017','2017-01-03','Todos los profesores, alumnos y personal académico de la Universidad Autónoma de Nuevo León, se les invita a participar, de manera individual o por equipos. ','Universidad Autónoma de Nuevo León (UANL).','No disponible',28,1,1),(89,'Premio Estatal de Ciencia y Tecnología e Innovación del Estado de Oaxaca (PF) (PM)','“El Premio” en cada uno de las cuatro áreas consistirá en un diploma, en el que se expresarán las razones por las que se con­cede, y se acompañará de una entrega de $50,000 M.N. Podrán concurrir hasta dos personas de la misma área. Cuando haya concurrencia, la entrega será de $25,000 M.N. El premio en divulgación expresará la razón por la que se otorga, y se acompañará con la entrega de $25,000 M.N. ','http://www.cocyt.oaxaca.gob.mx/otras_conv/Premio_Estatal_11.pdf','14 de diciembre de 2015 (próxima apertura, segundo semestre 2016)','2016-11-14','Personas físicas o morales de los sectores público, social y privado, que por sus logros académicos, de investigación o de divulgación que tengan relación laboral con alguna institución o empresa en el estado. Convoca a diversas organizaciones a PROPONER CANDIDATOS.','Gobierno del Estado de Oaxaca a través del Consejo Oaxaqueño de Ciencia y Tecnología (COCYT Oaxaca).','Reconocimiento público de una trayectoria singularmente ejemplar y acciones relevantes en materia de ciencia, tecnología e innovación, atribuibles a una persona o a un grupo, realizadas en beneficio de la población del estado de Oaxaca y del país.',29,2,2),(90,'Encuentro de jóvenes investigadores CONCYTEP-CONACYT 2016 (EST) (EGR)','1er. Lugar: $16,000 M.N. 2do. Lugar: $11,000 M.N. 3er. Lugar: $6,000 M.N.','http://www.concytep.pue.gob.mx/images/docs/jovenes_investigadores/2016/convocatoria_jovenes_investigadores_2016.pdf','23 de septiembre de 2016 (próxima apertura, segundo semestre 2017)','2017-08-23','A los jóvenes que se encuentren estudiando a partir del sexto semestre de licenciatura o ingeniería, así como profesionistas que tengan máximo seis meses de haber concluido sus estudios (pasantes o titulados), que estén interesados en la investigación y desarrollo de una actividad científica, tecnológica e innovadora, tendiente a elevar el nivel de competitividad de los sectores académico y productivo del Estado de Puebla.','Gobierno de Puebla, Consejo Nacional de Ciencia y Tecnología (CONACYT) y el Consejo de Ciencia y Tecnología del Estado de Puebla (CONCYTEP).','Con el propósito de promover, difundir, fomentar y estimular vocaciones por la actividad científica y tecnológica entre los jóvenes investigadores de la Entidad. ',30,1,2),(91,'ExpoCiencias Puebla 2017 (EST)','Se entregarán una acreditación Internacionales directa a la ESI 2017 en Fortaleza, Brasil y otra acreditación directa al National Children Science Congress, India y se entregarán acreditaciones a la ExpoCiencias Nacional 2016.','http://www.expociencias.net/assets/cexpopuebla2017.pdf','22 de agosto de 2016','2016-07-22','A todos los niños y jóvenes que estudian en una institución del Estado de Puebla interesados en el desarrollo y presentación de proyectos científicos y técnicos. ','La Universidad Tecnológica de Oriental (UTO) y la Universidad Popular Autónoma del Estado de Puebla (UPAEP), a través de La RED Nacional de Actividades Juveniles en Ciencia y Tecnología, con el respaldo del Movimiento Internacional para el Recreo Científico y Técnico de América Latina (MILSET AMLAT), el Consejo de Ciencia y Tecnología del Estado de Puebla (CONCYTEP) y el Consejo Nacional de Ciencia y Tecnología (CONACYT).','Promover la participación de niños y jóvenes a través de proyectos científicos y técnicos de investigación, innovación y divulgación; permitiendo también la participación de instituciones y empresas dedicadas a la educación, así como divulgadores y profesores.',30,1,2),(92,'Presea Estatal de Ciencia y Tecnología “Luis Rivera Terrazas” 2016 (PF)','Reconocimiento y $50,000 M.N. por cada una de las seis áreas participantes. ','http://www.concytep.pue.gob.mx/images/docs/premios_estatales/2016/convocatoria_premio_luis_rivera_terrazas_2016.pdf','16 de mayo de 2016','2017-04-16','A Instituciones de Educación, Centros de Investigación, Dependencias, Empresas y Organizaciones Sociales del Estado de Puebla, a PRESENTAR LA CANDIDATURA de científicos y científicas, investigadores e investigadoras, tecnólogos y tecnólogas para ser acreedores a la Presea. ','El Honorable Congreso del Estado de Puebla de la LIX Legislatura, en colaboración con la Secretaría de Educación Pública del Estado de Puebla a través del Consejo de Ciencia y Tecnología del Estado de Puebla (CONCYTEP). ','Con el propósito de estimular el desarrollo científico, tecnológico y humanístico en el Estado, así como reconocer la trayectoria de quienes han contribuido a su fortalecimiento. ',30,2,2),(93,'Premio a la Innovación y el Liderazgo en Sustentabilidad del Municipio de Querétaro (E&E)','Los ganadores serán publicados en los periódicos de mayor circulación en Querétaro y serán invitados especiales en la Expo-Ambiental del año siguiente.','http://www.municipiodequeretaro.gob.mx/','25 de marzo de 2016','2017-02-25','Empresas que tengan su domicilio o realicen sus actividades en los municipios de Querétaro, Corregidora, El Marqués y Huimilpan.','Gobierno del Municipio de Querétaro. ','Reconocer a las empresas líderes e innovadoras y mostrarle a la comunidad empresarial, académica y de Gobierno, las buenas prácticas en el área del desarrollo sostenido.',31,NULL,NULL),(94,'ExpoCiencias Quintana Roo 2016 (EST)','El proyecto con mayor puntaje de todo el evento tendrá una acreditación directa a Expociencias Internacional ESI 2017 en Fortaleza, Brasil. El proyecto con mayor puntaje en cada categoría, contará con la acreditación para conformar la Delegación Quintanarroense y participar en la próxima Expociencias Nacional 2016.','http://www.expociencias.net/CExpoQuintanaRoo2016.pdf','29 de abril de 2016','2017-03-28','A todos los niños y jóvenes interesados en el desarrollo y presentación de proyectos científicos y técnicos. ','La Secretaría de Educación y Cultura de Quintana Roo, Honorable Municipio de Othón P. Blanco, en colaboración con Secretaría de Desarrollo Económico del Estado, Consejo Quintanarroense de Ciencia y Tecnología, Universidad Vizcaya de las Américas Campus Chetumal, Colegio de Bachilleres de Quintana Roo, DGETI y la Universidad Popular Autónoma del Estado de Puebla, a través de la RED Nacional de Actividades Juveniles en Ciencia y Tecnología con el respaldo del Movimiento Internacional para el Recreo científico y Técnico de América Latina MILSET AMLAT y el Consejo Nacional de Ciencia y Tecnología.','Promover la participación de niños y jóvenes a través de proyectos científicos y técnicos de investigación, innovación y divulgación; permitiendo también la participación de instituciones y empresas dedicadas a la educación, así como divulgadores y profesores.',32,2,2),(95,'Premios Estatales de Ciencia, Tecnología y de Reconocimiento a la Innovación (Varios)','Reconocimiento público, diploma y estímulo económico de 4055 veces el salario mínimo vigente en la Estado de Quintana Roo, al momento de la publicación de la Convocatoria.','http://coqcyt.gob.mx/portal/descargas/PREMIOSESTAT2016.pdf','10 de marzo de 2017 ','2017-11-23','Personas físicas, empresas, organizaciones sociales, instituciones de educación media superior y superior y centros de investigación del estado de Quintana Roo A PRESENTAR CANDIDATOS.  Investigadores o grupos de investigación, personas físicas o morales, alumnos de licenciatura o maestría, estudiantes de nivel medio superior o superior.','Gobierno del Estado de Quintana Roo a través del Consejo Quintanarroense de Ciencia y Tecnología (COQCyT).','Reconocer la labor que están desarrollando jóvenes estudiantes de nivel medio superior, superior y posgrado, así como consolidar la labor de los investigadores cuyo trabajo represente aportaciones científicas e innovaciones tecnológicas. Asimismo, fomentarlos trabajos de tesis que aborden problemas locales o contribuyan a generar conocimiento en áreas estratégicas del estado.',32,1,1),(96,'Premio de Historia Francisco Peña (Varios)','$ 50,000 M.N.','http://culturaslp.gob.mx/wp-content/uploads/2016/07/Convocatoria-20Noviembre-65edicion.pdf','Junio a septiembre de 2016','2016-07-01','Pueden participar mexicanos residentes en la entidad, con una obra inédita, de extensión mínima de 60 cuartillas.','Gobierno del Estado de San Luis Potosí, a través de la Secretaría de Educación y la Secretaría de Cultura.','Fomenta la investigación sobre el ámbito histórico de San Luis Potosí.',40,2,2),(97,'ExpoCiencias Pacífico (Sinaloa) 2016 (EST)','Los primeros lugares con los puntajes más altos del evento obtendrán su pase directo a la Expociencias Nacional 2016. ','http://www.itesus.edu.mx/expociencias/convocatoria17.pdf',' 19 de abril de 2017','2018-03-19','Todos los jóvenes interesados en el desarrollo y presentación de proyectos científicos y técnicos. ','El Gobierno del Estado de Sinaloa, PROMOTUR, el Instituto Tecnológico Superior de Sinaloa ITESUS, el Centro de Ciencias de Sinaloa, Universidad de Occidente, Colegio Remington A.C., CONACYT, INAPI, UPSIN, COBAES, La Escuela Superior de las Bellas Artes “Chayito Garzón”, DGETI, el Instituto Pedagógico Hispanoamericano, a través de la Red Nacional de Actividades Juveniles en Ciencia y Tecnología y del Movimiento Internacional para el Recreo Científico y Técnico de América Latina MILSET AMLA. ','Promover la participación de niños y jóvenes a través de proyectos científicos y técnicos de investigación, innovación y divulgación; permitiendo también la participación de instituciones y empresas dedicadas a la educación, así como divulgadores y profesores.',33,1,1),(98,'Premio Sinaloa de Ciencia, Tecnología e Innovación 2015* (Varios)','Modalidad ciencia: medalla de oro, diploma y $50, 000 M.N. Modalidad tecnología e innovación: medalla de oro, diploma e inscripción a premio ADIAT 2015.','http://www.inapisinaloa.gob.mx/wp-content/uploads/2016/08/Convocatoria_PSCTI_2015.pdf','15 de septiembre de 2016 (próxima apertura, segundo semestre 2017)','2017-08-15','A las universidades e instituciones de educación superior, a los institutos y centros de investigación, a las academias y asociaciones científicas, a los colegios y asociaciones de profesionistas, a las organizaciones empresariales, a investigadores, tecnólogos y, en general a la sociedad sinaloense, a REGISTRAR al candidato o candidatos. Investigadores, tecnólogos, personas físicas o morales con actividad empresarial. ','Gobierno del Estado de Sinaloa e Instituto de Apoyo a la Investigación e Innovación (INAPI).','Reconocer a investigadores y tecnólogos que hayan realizado investigación científica o tecnológica, cuyos resultados tengan impacto sustancial y relevante en la entidad y que contribuyan a la solución de problemas locales o regionales. ',33,1,2),(99,'ExpoCiencias Tabasco 2016 (EST)','La 4ª. ExpoCiencias Tabasco será la etapa selectiva para participar en la ExpoCiencias Nacional México 2016; los proyectos evaluados con los más altos puntajes recibirán acreditación a la etapa nacional, los dos proyectos con las mejores calificaciones absolutas serán acreditados también para integrarse a las Delegaciones Mexicanas que participarán en eventos internacionales de ciencia y tecnología juvenil.','http://www.expociencias.net/CExpoTabasco2016.pdf','22 de abril de 2016','2017-03-22','A niños y jóvenes que estudien y estén inscritos en escuelas del estado de Tabasco, interesados en proponer y presentar proyectos científicos, tecnológicos, divulgativos o de innovación. ','El Gobierno del Estado de Tabasco, a través del Consejo de Ciencia y Tecnología del Estado de Tabasco (CCYTET), el Colegio de Estudios Científicos y Tecnológicos del Estado de Tabasco (CECyTE), la Universidad Juárez Autónoma de Tabasco (UJAT), el Movimiento Internacional para el Recreo Científico y Técnico de América Latina (MILSET AMLAT), la Red Nacional de Actividades Juveniles en Ciencia y Tecnología (RED), el Consejo Nacional de Ciencia y Tecnología (CONACYT) y la Universidad Popular Autónoma del Estado de Puebla (UPAEP).','Promover la participación de niños y jóvenes a través de proyectos científicos y técnicos de investigación, innovación y divulgación; permitiendo también la participación de instituciones y empresas dedicadas a la educación, así como divulgadores y profesores.',34,2,2),(100,'Premio Estatal de la Juventud 2016 (EST)','Reconocimiento por parte del Ejecutivo del Estado de Tabasco, un obsequio alusivo al evento y un estímulo económico de $5,000 pesos.','http://www.injutab.tabasco.gob.mx/content/convocatorias-2016','01 de julio de 2016','2017-06-01','A todos los jóvenes entre 12 y 29 años de edad, nacidos en Tabasco y a aquellos que tienen al menos 5 años de residir en este estado. ','Gobierno del Estado de Tabasco y el Instituto de la Juventud de Tabasco.','Como una iniciativa del Instituto de la Juventud de Tabasco, por fomentar el talento de los jóvenes de todo el Estado por su labor y contribución con la sociedad, fortaleciendo los valores y el éxito. ',34,2,2),(101,'Certamen Estatal de Creatividad e Innovación Tecnológica (Varios)','Categoría Pioneros de la ciencia: 1er. Lugar: $10,000 M.N. y una Tablet 2do. Lugar: $7,500 M.N. y una Tablet 3er. Lugar: $5,000 M.N. y una Tablet.  Categorías Media superior, superior y abierta: 1er. Lugar: $20,000 M.N. 2do. Lugar: $14,000 M.N. 3er. Lugar: $10,000 M.N.','http://plataforma.cotacyt.gob.mx/creatividad/CONVOCATORIA_18_CECIT_2016.pdf','16 de septiembre de 2016 (próxima apertura, segundo semestre 2017)','2017-08-16','Podrán participar todos los mexicanos que residan permanente o temporalmente en el territorio tamaulipeco, sin distinción de edad, sexo o lugar de nacimiento, así como los tamaulipecos que residan en forma temporal en otro estado o país.','Gobierno del Estado de Tamaulipas a través del Consejo Tamaulipeco de Ciencia y Tecnología (COTACYT).','Fomentar la creatividad e inventiva de los tamaulipecos, especialmente de la comunidad estudiantil, a través de la presentación de proyectos y prototipos que representen una solución práctica a problemas específicos, promoviendo la vinculación de los autores de los trabajos y sus asesores, con instituciones de los sectores privado, público y social.',35,1,2),(102,'Premio Yucatán de Ciencia Juvenil (EST)','Se otorgarán premios en efectivo hasta por $69,000.00 (sesenta y nueve mil pesos 00/100 M.N.) dividido en las diferentes categorías.','http://www.siies.yucatan.gob.mx/convocatoria.php?id_convocatoria=108','14 de octubre de 2016 (próxima apertura, segundo semestre 2017)','2017-09-14','Jóvenes estudiantes yucatecos de los niveles: secundaria, bachillerato, técnico superior y licenciatura de escuelas públicas o privadas del estado. Los proyectos que presenten deberán haber sido realizados en Yucatán y tratar sobre problemáticas y necesidades del Estado especialmente de carácter productivo y social. ','El Gobierno del Estado de Yucatán y Consejo de Ciencia, Innovación y Tecnología del Estado de Yucatán (CONCIYTEY).','Reconocer y estimular la creatividad y originalidad de los jóvenes del Estado, aplicada a proyectos de investigación, desarrollo tecnológico e innovación orientados al conocimiento y la resolución de problemáticas y/o necesidades esenciales del desarrollo económico y social del Estado de Yucatán.',36,1,2),(103,'The AAAS Early Career Award for Public Engagement with Science (JI/PG)','$5,000 USD, placa conmemorativa.','http://www.aaas.org/page/aaas-early-career-award-public-engagement-science','15 de octubre de 2016','2016-09-15','Científicos e ingenieros activos que realicen su investigación en cualquier disciplina científica en la academia, gobierno o industria. ','La Asociación Americana para el Avance de la Ciencia (AAAS), asociación sin fines de lucro.','Reconocer a científicos o ingenieros que apenas comienzan sus carreras (menos de 7 años investigando en su campo, o de haber recibido su doctorado) y que han demostrado excelencia en sus contribuciones al compromiso público con actividades científicas. ',37,1,2),(104,'Benjamin Franklin Medals (C/I/A)','Medalla de oro de 14 kilates. ','http://www.fi.edu/call-for-nominations','Se aceptan nominaciones en cualquier momento.',NULL,'Individuos (vivos) cuyo trabajo haya impactado significativamente su campo científico. La investigación del candidato debe ser una invención, un descubrimiento, un desarrollo tecnológico o un conjunto de conocimientos que reflejen extraordinaria intuición, habilidades o creatividad. ','The Franklin Institute.','Reconocer y promover la excelencia en ciencia, tecnología e industria en siete disciplinas: química, ingeniería civil y mecánica, ciencia cognitiva y computacional, ciencias ambientales y de la tierra, ingeniería eléctrica, ciencias de la vida y física. ',37,NULL,NULL),(105,'X Edición de los Premios Fundación BBVA Fronteras del Conocimiento 2017 (PF) (PM)','La dotación de los Premios Fundación BBVA Fronteras del Conocimiento es, en cada una de sus categorías, de 400.000 €, un diploma y un símbolo artístico. En el caso de que el premio sea compartido por más de una persona, la dotación económica se repartirá por igual entre todas ellas.','http://www.fbbva.es/TLFU/tlfu/esp/microsites/premios/fronteras/presentacion/index.jsp','28 de febrero de 2017','2018-01-01','Los candidatos serán una o más personas físicas de cualquier nacionalidad, sin límite de número cuando hayan realizado aportaciones convergentes en un determinado avance, bien a través de colaboración formal entre ellas (formando parte de uno o más equipos), bien de manera paralela. En el caso de las categorías 7 y 8, podrán también ser candidatas agencias y organizaciones públicas o privadas (en este último caso, sin ánimo de lucro). ','Fundación BBVA y el Consejo Superior de Investigaciones Científicas (CSIC) de España.','Los Premios Fundación BBVA Fronteras del Conocimiento reconocen la investigación básica y la creación de excelencia, plasmada en avances teóricos, modelos y perspectivas fundamentales para entender el mundo natural, social y artificial o tecnológico, así como innovaciones y desarrollos tecnológicos, y la creación de obras, estilos artísticos e interpretativos en la música clásica de nuestro tiempo. Se reconocen también contribuciones significativas a la comprensión y/o actuaciones sobresalientes respecto a dos retos centrales de la sociedad global del siglo XXI: el cambio climático y la cooperación al desarrollo. ',37,1,2),(106,'Falling Walls Lab Mexico 2016 (Varios)','El ganador de Falling Walls Lab México calificará para el Falling Walls Lab Finale en Berlín, en donde tendrá la oportunidad de competir con los demás ganadores de otros países. Los tres primeros lugares finales recibirán un premio en efectivo y presentarán sus ideas en la Falling Walls Conferenece ante algunos de los científicos más distinguidos de nuestros tiempos. ','http://www.falling-walls.com/lab16/lab-flyer/lab16-mexico-1_web.pdf','31 de julio de 2016','2017-07-31','Estudiantes, investigadores y científicos (maestría, doctorado y posdoctorado). Emprendedores, ingenieros y jóvenes profesionales. Innovadores en todas las áreas. Los participantes deberán tener más de 18 años.','Falling Walls Foundation.','Ofrecer a talentos emergentes, emprendedores e innovadores un escenario para presentar su trabajo de investigación, iniciativas o modelos de negocio a sus pares y a un distinguido jurado proveniente de la academia y de negocios. ',37,2,2),(107,'Google Science Fair 2016 (EST)','El ganador del Gran Premio recibirá una beca de $50.000 USD. La beca de 50.000 dólares de Google pretende ampliar la educación del ganador del Gran Premio. Si el ganador del premio es un equipo, el valor de la beca se dividirá de forma equitativa entre sus miembros. Los 16 mejores proyectos de todo el mundo, acompañados por uno de sus progenitores o tutores legales, viajarán a la oficina central de Google en Mountain View, California, para presentar sus proyectos ante el jurado y competir en los premios Pionero de Virgin Galactic, Constructor de LEGO® Education, Explorador de National Geographic o Innovador de Scientific American.','http://www.googlesciencefair.com/es/','18 de mayo de 2016','2017-05-18','Alumnos de todo el mundo entre 13 y 18 años, ya sea de forma individual o en equipo.','Google, LEGO Education, National Geographic, Scientific American y Virgin Galactic. ','Google Science Fair es un concurso científico online en el que pueden participar alumnos de todo el mundo. ',37,2,2),(108,'Intel International Science and Engineering Fair 2016 (EST)','$75,000 USD al mejor proyecto de cada categoría, y otros premios acumulables.','https://student.societyforscience.org/international-rules-pre-college-science-research','14 de mayo de 2017 (tras haber sido seleccionado como finalista en alguna feria afiliada).','2018-03-14','Estudiantes de 9 a 12 grado o equivalente, menores de 20 años (antes de mayo de 2016), y seleccionado por una feria afiliada (como la Feria Mexicana de Ciencias e Ingeniería).','INTEL Corporation.','Dar la oportunidad a estudiantes de más de 75 países de mostrar sus proyectos independientes y competir por aproximadamente 5 millones de dólares en premios.',37,1,1),(109,'Innovadores menores de 35 (PF)','Reconocimiento a la trayectoria y potencial de las 10 personas jóvenes con mejores proyectos de investigación y desarrollo de tecnologías emergentes, trabajos de alto nivel que posean un gran potencial de impacto social y económico. ','http://www.innovatorsunder35.com/innovators-under-35-mexico','No disponible',NULL,'Los candidatos deben ser mexicanos menores a 35 años, pueden provenir de universidades, ser fundadores de pequeñas empresas, empleados en grandes compañías o instituciones gubernamentales, o instituciones sin fines de lucro. Los candidatos pueden aplicar o ser nominados.','MIT Technology Review, Banco Interamericano de Desarrollo (BID), BBVA, Fab Lab Barcelona y Pipedrive.','El objetivo de esta iniciativa es reconocer la innovación- el desarrollo de nuevas tecnologías o la aplicación creativa de algo ya existente para resolver problemas actuales- el ingenio y los avances hacia la resolución de los retos más importantes a nivel mundial. ',37,NULL,NULL),(110,'L’Oréal-UNESCO for Women in Science International Awards (C/I/A)','Cada una de las cinco ganadoras recibirá 100 mil euros en efectivo.','http://www.forwomeninscience.com/es/awards','20 de junio de 2016','2017-03-31','Investigadoras científicas sobresalientes nominadas por escrito por científicos eminentes, a través de la plataforma en línea. Se elegirá una ganadora por cada una de las siguientes regiones: África & Estados Árabes, Asia-Pacífico, Europa, Latinoamérica y Norteamérica.','Fundación L’Oréal y UNESCO','Identificar y apoyar a mujeres prominentes en la ciencia en todo el mundo. Cada año, 5 mujeres serán reconocidas por su contribución al avance de las ciencias de la vida o de las ciencias físicas, en años alternados. El año 2017 corresponde a la segunda categoría.',37,3,NULL),(111,'Muestra Internacional de Ciencias y Tecnología MOSTRATEC (Brasil) (EST)','Certificado de participación.','http://www.mostratec.com.br/es/edicion-actual/inscripcion-de-proyectos/cronograma-2017-proceso-de-seleccion','25 de junio de 2017 (para ferias afiliadas realizadas de 01 de octubre de 2016 a 31 de mayo de 2017). 24 de septiembre de 2017 (para ferias afiliadas realizadas de 01 de junio a 24 de septiembre de 2017). 20 de septiembre de 2017 (inscripción a proceso de selección).','2017-05-30','Alumnos de secundaria o nivel medio superior entre 14 y 21 años acreditados por una feria afiliada (ExpoCiencias o Infomatix Latinamérica, por ejemplo) o individualmente vía proceso de selección.','Muestra Internacional de Ciencias y Tecnologías. Servidores de la Fundação Liberato, padres y alumnos voluntarios.','Popularizar la ciencia – para interpretar y conocer el papel de la ciencia, la tecnología y la investigación en general en el mejoramiento del bienestar y el enriquecimiento del legado cultural de las naciones, y para resolver los problemas de la humanidad.',37,1,1),(112,'VIII Premio Iberoamericano de Investigación Científica (PF)','$12,000 €, mención y diploma.','http://www.premioscortesdecadiz.es/index-php/investigacion-cientifica/bases/','01 de diciembre de 2015 (próxima apertura, segundo semestre 2016)','2016-11-01','Personas o grupos de personas nacidas o con residencia legal en algunos de los países iberoamericanos, incluido España y Portugal, sin límite de edad. En el caso de equipos de investigación, estos deberán haber realizado su trabajo en laboratorios ubicados en alguno de los 22 países de la Comunidad Iberoamericana. La presentación de los trabajos se hará en español.','El Excmo. Ayuntamiento de Cádiz, en colaboración con el Consejo Superior de investigaciones Científicas (CSIC) y la Universidad de Cádiz (UCA).','Reconocer la investigación básica y la investigación aplicada, sustentada en avances teóricos y nuevos modelos que permitan progresos sociales, mejora en el entendimiento del mundo natural, avances en el conocimiento de la historia, nuevos desarrollos tecnológicos, en definitiva, aquellos trabajos que representen un adelanto cuantificable en el conocimiento humano a través de la investigación científica.',37,2,2),(113,'V Premio Iberoamericano Joven Emprendedor (E&E)','$12,000 €, mención y diploma.','http://www.premioscortesdecadiz.es/index-php/emprendedor/bases/','01 de diciembre de 2015 (próxima apertura, segundo semestre 2016)','2016-11-01','Se premiará la trayectoria de un/a joven empresario/a menor de 41 años que haya nacido o pueda acreditar su residencia en España o cualquier otro país de Iberoamérica. Las asociaciones de emprendedores, fundaciones, instituciones públicas y privadas y demás organizaciones ligadas al mundo del emprendimiento PODRÁN PRESENTAR LAS CANDIDATURAS, aunque el jurado podrá optar por algún candidato/a cuya labor tenga la suficiente relevancia para ser merecedor de tal distinción.','El Excmo. Ayuntamiento de Cádiz, con la colaboración de la Asociación de Jóvenes Empresarios de Cádiz.','Extender, potenciar e impulsar la cultura emprendedora como eje fundamental para el desarrollo de toda Iberoamérica entre los jóvenes, así como las interrelaciones económicas, sociales y culturales entre los países que forman Iberoamérica.',37,2,2),(114,'Premio Princesa de Asturias a la investigación científico-técnica (Varios)','Escultura de Joan Miró, $50.000 € en efectivo, un diploma y una insignia.','http://www.fpa.es/es/premios-princesa-de-asturias/','30 de marzo de 2017','2017-03-30','Personas, instituciones, grupos de personas o de instituciones en el ámbito internacional. ','Fundación Princesa de Asturias. ','Galardonar la labor científica, técnica, cultural, social y humanitaria en el ámbito internacional y se conceden en ocho categorías diferentes: Artes, Letras, Ciencias Sociales, Comunicación y Humanidades, Investigación Científica y Técnica, Cooperación Internacional, Deportes y Concordia.',37,1,1),(115,'Premio UNESCO-Kalinga de Divulgación Científica (Varios)','$20,000 USD y un certificado y la medalla de plata Albert Einstein de la UNESCO.','http://www.unesco.org/new/es/natural-sciences/science-technology/sti-policy/global-focus/science-popularization/prizes/kalinga-prize/','29 de mayo de 2017 (es bienal, por lo que no emite convocatoria en 2016)','2018-04-29','Escritores, directores de publicaciones, conferenciantes, directores de programas de radio o de televisión o productores de películas, que hayan dedicado su carrera a poner la ciencia, la investigación y la tecnología al alcance del público en general. Los candidatos son presentados por su gobierno a través de la Comisión Nacional para la UNESCO del país.','Organización de las Naciones Unidas para la Ciencia la Educación, la Ciencia y la Cultura. ','Recompensar las actividades de una persona que se haya distinguido por una carrera brillante que le haya permitido contribuir como escritor, director de publicaciones, conferenciante, director de programas de radio o de televisión o productor de películas, a poner la ciencia, la investigación y la tecnología al alcance del público. Debe ser consciente del papel que desempeñan la ciencia, la tecnología y la investigación en general en la mejora del bienestar público, el enriquecimiento del patrimonio cultural nacional y las soluciones de los problemas de la humanidad. ',37,1,1),(116,'Proyecto Multimedia Concurso latinoamericano de Proyectos de Cómputo- Informatix Latinoamérica (EST)','Este concurso funge como la eliminatoria continental de: INFOMATIX (Rumania), MOSTRATEC (Brasil), Robotchallenghe (Austria), ATAST (Túnez), DOESEF (Turquía), Magma Recerca (España) e Informatix Latinoamérica (México, Ecuador, Colombia, entre otros). ','http://infomatrix.lat/convocatoriapmxi/','Fecha de cierre de acuerdo a la sede. ','2017-02-01','Todos los estudiantes de Latinoamérica, desde preescolar hasta universidad, entre 6 y 25 años. ','Sociedad Latinoamericana de Ciencia y Tecnología (SOLACYT), entre otros.','Llevar la competencia educativa a su nivel máximo, al desarrollar en los profesores y alumnos el interés por aportar algo de beneficio a la comunidad. Conformar cuadros de jóvenes que nos representen en diversos concursos internacionales. ',37,1,1),(117,'SABRI ÜLKER International Science Award (JI/PG)','$100,000 liras turcas','http://scienceaward.sabriulkerfoundation.org/Home','01 de abril de 2017','2017-02-01','Investigadores de cualquier nacionalidad, menores de 45 años en etapas iniciales de su carrera académica que presenten proyectos individuales o por equipo.','Sabri Ülker Food Research Foundation.','Promover nueva investigación científica de la más alta calidad en el área de nutrición, metabolismo y salud pública.',37,1,1),(118,'Expociencias Metropolitana 2017','Los primeros lugares con los puntajes más altos del evento obtendrán su pase directo a la ExpoCiencias Nacional 2017. El proyecto con mayor puntaje de todos obtendrá su pase directo para formar parte de los eventos internacionales. ','http://www.expociencias.net/assets/cexpomet2017.pdf','3 de marzo de 2017','2017-02-03','NIÑOS y JÓVENES de la Ciudad de México interesados en el desarrollo y presentación de trabajos de divulgación, innovación y/o investigación en ciencias exactas, en ciencias sociales y/o tecnología  ','El Instituto Politécnico Nacional a través de la Escuela Superior de Ingeniería Mecánica y Eléctrica Unidad Culhuacan y la RED Nacional de Actividades Juveniles en Ciencia y Tecnología en coordinación con el Movimiento Internacional para el Recreo Científico y Técnico, MILSET',NULL,18,1,2),(119,'ExpoCiencias Tlaxcala 2017','Los primeros lugares con los puntajes más altos del evento obtendrán su pase directo a la ExpoCiencias Nacional 2017. El proyecto con mayor puntaje de todos obtendrá su pase directo para formar parte de los eventos internacionales. ','http://www.cbta134.edu.mx/expociencias2017/Convocatoria.pdf','7 de mayo de 2017','2017-04-07','A todos los niños y jóvenes interesados en el desarrollo y presentación de proyectos científicos y tecnológicos a participar en la ExpoCiencias Tlaxcala 2017 ','El Centro de Bachillerato Tecnológico Agropecuario No. 134 de Tetlanohcan, Tlaxcala, en colaboración con El Consejo Nacional de Ciencia y Tecnología, La Universidad Popular Autónoma del Estado de Puebla a través de la RED Nacional de Actividades Juveniles en Ciencia y Tecnología y El Movimiento Internacional para el Recreo Científico y Técnico de América Latina MILSET AMLAT',NULL,38,1,1),(120,'ExpoCiencia Sonora 2017','Los primeros lugares con los puntajes más altos del evento obtendrán su pase directo a la ExpoCiencias Nacional 2017. El proyecto con mayor puntaje de todos obtendrá su pase directo para formar parte de los eventos internacionales. ','http://www.expociencias.net/assets/cexposon2017.pdf','12 de mayo de 2017','2017-04-12','A jóvenes estudiantes del estado de Sonora, o radicados en el por motivos de estudio, interesados en el desarrollo y presentación de proyectos científicos, tecnológicos y de divulgación a participar en ExpoCiencias Sonora 2017','El Secretariado para América Latina del Movimiento Internacional para el Recreo Científico y Técnico (MILSET) a través de la RED Nacional de Actividades Juveniles en Ciencia y Tecnología en coordinación con la Universidad de Sonora (UNISON) , el Consejo Estatal de Ciencia y Tecnología (COECYT) , la Secretaria de Educación y Cultura (SEC) , el Instituto Sonorense de la Juventud (ISJ) y la Universidad Popular Autónoma del Estado de Puebla (UPAEP)','Abrir un espacio para la promoción de los esfuerzos de investigación de los jóvenes, para que con éste incrementen su motivación e interés por la ciencia y tecnología. Además de promover y fomentar la participación de jóvenes estudiantes y profesores en actividades científicas y tecnológicas, con el fin de despertar el interés por la innovación y la divulgación. También se busca relacionar las diferentes instituciones involucradas para compartir e intercambiar ideas, metas, proyectos y acciones que beneficien el desarrollo académico de los alumnos; para impulsar a las instituciones educativas del estado a que logren tener un gran impacto con proyectos bien desarrollados y valiosos en eventos nacionales y eventos de renombre a nivel internacional. ',39,1,1),(121,'Feria de Ciencias e Ingenierías del Estado de Puebla 2017','Constancia de participación a los estudiantes y asesores en la Feria Estatal. Reconocimiento al “primero”, “segundo” y “tercer lugar”. Otorgamiento de al menos 5 acreditaciones a los estudiantes y asesores de proyectos ganadores que obtengan el mayor puntaje y los mejores resultados para participar en la Feria Nacional. ','http://www.concytep.pue.gob.mx/images/docs/feria_ciencias/2017/convocatoria_fenaci_2017.pdf','7 de abril de 2017','2017-03-07','A estudiantes poblanos interesados en el desarrollo de proyectos científicos o tecnológicos a participar en la FERIA DE CIENCIAS E INGENIERÍAS DEL ESTADO DE PUEBLA 2017 ','El Consejo Nacional de Ciencia y Tecnología (CONACYT) y el Consejo de Ciencia y Tecnología del Estado de Puebla (CONCYTEP) con fundamento en el Programa Especial de Ciencia, Tecnología e Innovación (PECITI) 2014-2018 con el objeto de impulsar la investigación científica y tecnológica entre los jóvenes en los diferentes sistemas educativos de la entidad, así como fomentar las vocaciones científicas.',NULL,30,1,1),(122,'Premio Estatal de Investigación en Salud 2016',NULL,'http://sieval.salud-oaxaca.gob.mx/CONVOCATORIA2016.pdf','15 de abril de 2016','2016-03-15',NULL,NULL,NULL,29,1,2);
/*!40000 ALTER TABLE `grid_events` ENABLE KEYS */;
UNLOCK TABLES;

--
-- Table structure for table `grid_situations`
--

DROP TABLE IF EXISTS `grid_situations`;
/*!40101 SET @saved_cs_client     = @@character_set_client */;
/*!40101 SET character_set_client = utf8 */;
CREATE TABLE `grid_situations` (
  `situation_id` int(11) NOT NULL AUTO_INCREMENT,
  `situation_name` varchar(100) COLLATE utf8_unicode_ci NOT NULL,
  PRIMARY KEY (`situation_id`)
) ENGINE=InnoDB AUTO_INCREMENT=3 DEFAULT CHARSET=utf8 COLLATE=utf8_unicode_ci;
/*!40101 SET character_set_client = @saved_cs_client */;

--
-- Dumping data for table `grid_situations`
--

LOCK TABLES `grid_situations` WRITE;
/*!40000 ALTER TABLE `grid_situations` DISABLE KEYS */;
INSERT INTO `grid_situations` VALUES (1,'Activo'),(2,'Vencido');
/*!40000 ALTER TABLE `grid_situations` ENABLE KEYS */;
UNLOCK TABLES;

--
-- Table structure for table `grid_status`
--

DROP TABLE IF EXISTS `grid_status`;
/*!40101 SET @saved_cs_client     = @@character_set_client */;
/*!40101 SET character_set_client = utf8 */;
CREATE TABLE `grid_status` (
  `status_id` int(11) NOT NULL AUTO_INCREMENT,
  `status_name` varchar(100) COLLATE utf8_unicode_ci DEFAULT NULL,
  PRIMARY KEY (`status_id`)
) ENGINE=InnoDB AUTO_INCREMENT=4 DEFAULT CHARSET=utf8 COLLATE=utf8_unicode_ci;
/*!40101 SET character_set_client = @saved_cs_client */;

--
-- Dumping data for table `grid_status`
--

LOCK TABLES `grid_status` WRITE;
/*!40000 ALTER TABLE `grid_status` DISABLE KEYS */;
INSERT INTO `grid_status` VALUES (1,'Actualizado'),(2,'No actualizado'),(3,'Abre el 31 de Marzo');
/*!40000 ALTER TABLE `grid_status` ENABLE KEYS */;
UNLOCK TABLES;
/*!40103 SET TIME_ZONE=@OLD_TIME_ZONE */;

/*!40101 SET SQL_MODE=@OLD_SQL_MODE */;
/*!40014 SET FOREIGN_KEY_CHECKS=@OLD_FOREIGN_KEY_CHECKS */;
/*!40014 SET UNIQUE_CHECKS=@OLD_UNIQUE_CHECKS */;
/*!40101 SET CHARACTER_SET_CLIENT=@OLD_CHARACTER_SET_CLIENT */;
/*!40101 SET CHARACTER_SET_RESULTS=@OLD_CHARACTER_SET_RESULTS */;
/*!40101 SET COLLATION_CONNECTION=@OLD_COLLATION_CONNECTION */;
/*!40111 SET SQL_NOTES=@OLD_SQL_NOTES */;

-- Dump completed on 2017-06-05 12:56:55
